time,value
2014-01-01,43.108967425331286
2014-01-02,-22.8578970128571
2014-01-03,-22.822399419857085
2014-01-04,-22.769097930808826
2014-01-05,35.8725702932853
2014-01-06,-22.348625571731688
2014-01-07,-21.720997007397838
2014-01-08,-20.81510685354242
2014-01-09,-19.630955111843477
2014-01-10,-18.168541779154552
2014-01-11,-16.427866857443263
2014-01-12,-14.408930344555067
2014-01-13,-12.898100940338129
2014-01-14,34.81279172129594
2014-01-15,36.790205969315664
2014-01-16,37.147413816605635
2014-01-17,39.591412908801445
2014-01-18,47.08780136727422
2014-01-19,-14.503373771952203
2014-01-20,-15.593793482806014
2014-01-21,30.100650936047092
2014-01-22,-16.4324523145673
2014-01-23,-16.180691436227843
2014-01-24,-15.481537027089937
2014-01-25,-14.334989088595071
2014-01-26,42.493217336231716
2014-01-27,34.03726118105947
2014-01-28,-10.788275897093683
2014-01-29,-10.429445642526778
2014-01-30,-10.482319124644592
2014-01-31,-10.946896344938265
2014-02-01,-11.82317730244747
2014-02-02,-13.159827357191315
2014-02-03,29.939971826255753
2014-02-04,-14.492896020865523
2014-02-05,31.72458938151154
2014-02-06,-14.038989423289136
2014-02-07,-13.141920402530094
2014-02-08,48.00812115463989
2014-02-09,-10.007550914624424
2014-02-10,-8.43798899088499
2014-02-11,-7.089421795056762
2014-02-12,-5.961849325412725
2014-02-13,42.39429831048667
2014-02-14,-4.369688570269223
2014-02-15,-3.905100282757788
2014-02-16,-3.66150672297473
2014-02-17,-3.608765605345546
2014-02-18,34.435198844844756
2014-02-19,-4.075840695264166
2014-02-20,-4.595656903904711
2014-02-21,-5.306325554489719
2014-02-22,-6.207846646654573
2014-02-23,-7.300220183589918
2014-02-24,-8.176333800473731
2014-02-25,-8.836187499925208
2014-02-26,-9.279781281768251
2014-02-27,-9.50711514657771
2014-02-28,-9.518189092609388
2014-03-01,-9.31300312068863
2014-03-02,-8.851196881638293
2014-03-03,-8.370928657818206
2014-03-04,-7.872198448553625
2014-03-05,-7.3550062555149145
2014-03-06,-6.819352076892664
2014-03-07,32.28753962456732
2014-03-08,-5.692657766880632
2014-03-09,-5.101617635012298
2014-03-10,-4.8222427375848955
2014-03-11,30.584364438783897
2014-03-12,-5.198488651622912
2014-03-13,-5.854109462444593
2014-03-14,-6.821395510169361
2014-03-15,35.6422254531737
2014-03-16,-9.690963312989512
2014-03-17,-10.845331358692366
2014-03-18,-11.563450932624837
2014-03-19,-11.845322032711692
2014-03-20,-11.690944660069606
2014-03-21,-11.100318814376593
2014-03-22,34.16339410309354
2014-03-23,-8.610321705333345
2014-03-24,22.541453292198803
2014-03-25,-6.32746258664896
2014-03-26,-5.507726257882542
2014-03-27,-4.902452086018773
2014-03-28,32.18763664763162
2014-03-29,-4.335290202251938
2014-03-30,-4.373402491944219
2014-03-31,-4.5414299154900695
2014-04-01,25.76983667708741
2014-04-02,-5.27724124408366
2014-04-03,-5.855036227245803
2014-04-04,29.22624843478112
2014-04-05,-7.430404831909756
2014-04-06,-8.427978452213521
2014-04-07,-9.378232816459278
2014-04-08,-10.2811679248622
2014-04-09,-11.13678377637142
2014-04-10,-11.94508037162924
2014-04-11,23.94026189489488
2014-04-12,-13.41971579367978
2014-04-13,-14.086054620396492
2014-04-14,-14.607909717837126
2014-04-15,-14.985281083316332
2014-04-16,-15.218168719689935
2014-04-17,-15.306572625645133
2014-04-18,-15.250492800533069
2014-04-19,-15.049929245497927
2014-04-20,28.20361581501954
2014-04-21,-13.635593129447496
2014-04-22,-11.84206275064485
2014-04-23,-9.324290824236051
2014-04-24,-6.082277351284354
2014-04-25,-2.116022329531227
2014-04-26,43.25877342704105
2014-04-27,7.989212357047775
2014-04-28,12.019580581884998
2014-04-29,44.321560097357235
2014-04-30,15.927207352713669
2014-05-01,15.804465899290031
2014-05-02,14.317246871104306
2014-05-03,46.47608360888252
2014-05-04,42.01277625084466
2014-05-05,3.4352283103527035
2014-05-06,0.023106943054675977
2014-05-07,-2.9869880200094636
2014-05-08,-5.595056576966034
2014-05-09,-7.80109872692625
2014-05-10,-9.605114474487156
2014-05-11,-11.007103814899196
2014-05-12,-12.257629016494214
2014-05-13,-13.35669007548117
2014-05-14,-14.30428699368539
2014-05-15,-15.10041977228315
2014-05-16,-15.745088410568348
2014-05-17,-16.23829290836339
2014-05-18,-16.580033265011235
2014-05-19,-16.21204832858913
2014-05-20,-15.134338100586385
2014-05-21,-13.34690258137742
2014-05-22,-10.849741768296523
2014-05-23,-7.642855663769176
2014-05-24,-3.7262442646113714
2014-05-25,0.9000924274190014
2014-05-26,4.563635727913963
2014-05-27,7.264385637773727
2014-05-28,9.002342156970558
2014-05-29,45.66124252101568
2014-05-30,9.5898750274016
2014-05-31,8.439451375792611
2014-06-01,6.326234334934939
2014-06-02,4.3662458567704965
2014-06-03,32.08066721268577
2014-06-04,0.9059545897463135
2014-06-05,-0.5943482000923952
2014-06-06,-1.9414224279930083
2014-06-07,-3.1352680937244983
2014-06-08,-4.175885197208535
2014-06-09,-4.761976707385738
2014-06-10,-4.893542624746264
2014-06-11,-4.570582949245843
2014-06-12,-3.7930976798827327
2014-06-13,-2.561086817310155
2014-06-14,-0.8745503600535436
2014-06-15,1.2665116902079925
2014-06-16,2.725189580288678
2014-06-17,3.5014833171209734
2014-06-18,35.599139256773086
2014-06-19,3.006918317552026
2014-06-20,1.7360595817941835
2014-06-21,-0.2171833103034384
2014-06-22,-2.8528103616180953
2014-06-23,-4.977347093475111
2014-06-24,-6.590793509905199
2014-06-25,-7.693149610575523
2014-06-26,-8.284415392097372
2014-06-27,-8.364590860072617
2014-06-28,-7.933676009642899
2014-06-29,-6.991670842731189
2014-06-30,-6.307005692848222
2014-07-01,-5.8796805586689995
2014-07-02,-5.645436011433059
2014-07-03,-5.60427205274601
2014-07-04,-5.756188684736776
2014-07-05,28.868158577135084
2014-07-06,-6.639263709936946
2014-07-07,-7.309253522059226
2014-07-08,16.663945608962873
2014-07-09,-9.044969159601326
2014-07-10,-10.110694988012767
2014-07-11,-11.308332819578288
2014-07-12,-12.637882657398762
2014-07-13,-14.09934450056516
2014-07-14,-15.007882215248818
2014-07-15,-15.363495800629243
2014-07-16,-15.166185257565722
2014-07-17,-14.415950585800715
2014-07-18,-13.112791785744793
2014-07-19,24.824734918532798
2014-07-20,-8.847701798045943
2014-07-21,-6.466637730076759
2014-07-22,17.943119350125073
2014-07-23,21.998229671236455
2014-07-24,0.508896523115153
2014-07-25,2.7781886268594693
2014-07-26,37.76468363090155
2014-07-27,7.232943862322928
2014-07-28,8.28030353942052
2014-07-29,8.161616772489662
2014-07-30,6.876883561019108
2014-07-31,27.238397123991255
2014-08-01,74.94923076473717
2014-08-02,-3.9778933704206647
2014-08-03,-9.935409622844062
2014-08-04,6.9594886570078245
2014-08-05,-17.794957609925827
2014-08-06,-19.69698934756606
2014-08-07,-20.24719291439169
2014-08-08,-19.44556831230535
2014-08-09,-17.292115538523717
2014-08-10,15.1277470610859
2014-08-11,-10.441130143730929
2014-08-12,-7.255002187372272
2014-08-13,15.789336574743293
2014-08-14,-1.3614757558427648
2014-08-15,28.54958238265204
2014-08-16,3.8937447038463002
2014-08-17,6.281990193372161
2014-08-18,29.41300987969345
2014-08-19,28.61748210116523
2014-08-20,27.434841923826994
2014-08-21,3.9320199300294902
2014-08-22,0.36878930790264697
2014-08-23,23.603095704552867
2014-08-24,-10.328557608181157
2014-08-25,-14.817684160371613
2014-08-26,2.5363708673493726
2014-08-27,-19.431853717685176
2014-08-28,-19.556896722950697
2014-08-29,-18.227245212323286
2014-08-30,-15.442899184876985
2014-08-31,-11.203858642667246
2014-09-01,-8.157553617367885
2014-09-02,-6.339897644890302
2014-09-03,36.50888246268275
2014-09-04,-6.390532855092241
2014-09-05,-8.25882403872813
2014-09-06,-11.355764274363155
2014-09-07,-15.681353561589315
2014-09-08,-19.016674777588953
2014-09-09,-21.361727922341963
2014-09-10,-22.716512994206248
2014-09-11,-23.08102999386199
2014-09-12,-22.455278922381545
2014-09-13,-20.839259779857088
2014-09-14,6.689457777015635
2014-09-15,-15.2461184196595
2014-09-16,-11.878697344731785
2014-09-17,-8.130709340254665
2014-09-18,18.054481602444188
2014-09-19,0.5069674632570251
2014-09-20,5.3966562605942645
2014-09-21,61.63812965346375
2014-09-22,33.61993256510898
2014-09-23,15.314455376489528
2014-09-24,36.563029154953114
2014-09-25,12.10470799467741
2014-09-26,7.553350264871112
2014-09-27,29.21085196787935
2014-09-28,20.33163372036325
2014-09-29,-13.986817610342971
2014-09-30,-18.59578316969832
2014-10-01,-21.26922995176251
2014-10-02,-21.95581752932376
2014-10-03,-20.655545901514902
2014-10-04,-17.368415069233674
2014-10-05,14.101691680361938
2014-10-06,32.93826303018873
2014-10-07,-4.601273266811875
2014-10-08,-2.3821115369100454
2014-10-09,-1.181225908953195
2014-10-10,-0.9986163848932552
2014-10-11,-1.8342829617856218
2014-10-12,-3.6882256420238377
2014-10-13,-4.924530301555526
2014-10-14,35.97517671450778
2014-10-15,-5.544225566942259
2014-10-16,16.344847254111304
2014-10-17,-3.693368757992584
2014-10-18,-1.8414833247692624
2014-10-19,54.503072609666255
2014-10-20,22.495429701477747
2014-10-21,2.5952242111967916
2014-10-22,2.092884847265468
2014-10-23,0.5999245442290455
2014-10-24,-1.8836566972173525
2014-10-25,22.012140423899048
2014-10-26,-9.822681996504281
2014-10-27,-12.98058230492825
2014-10-28,6.497934358536327
2014-10-29,-15.375614485672475
2014-10-30,-14.612746359811606
2014-10-31,-12.542955422010575
2014-11-01,-9.166241673009061
2014-11-02,-4.547406616871946
2014-11-03,-0.8204590880818428
2014-11-04,23.144487504363113
2014-11-05,3.9577733815822045
2014-11-06,26.509644682512192
2014-11-07,5.168455739040691
2014-11-08,31.126348692544035
2014-11-09,2.8115879852015357
2014-11-10,1.378024597561535
2014-11-11,0.13527546412784774
2014-11-12,20.75501914206067
2014-11-13,19.89389851591372
2014-11-14,-2.4480864136600182
2014-11-15,-2.9275785327600237
2014-11-16,21.820235409136288
2014-11-17,-3.7461846327422674
2014-11-18,-4.517363237233317
2014-11-19,-5.529792208676883
2014-11-20,-6.783471550741082
2014-11-21,-8.278401262249558
2014-11-22,-10.014581342616017
2014-11-23,-11.992011793406803
2014-11-24,-13.333930787138076
2014-11-25,-14.04033832286332
2014-11-26,-14.111234400709229
2014-11-27,-13.546619023161101
2014-11-28,-12.346492186819873
2014-11-29,-10.51085389376478
2014-11-30,-8.03970414273994
2014-12-01,-5.912350348098527
2014-12-02,-4.09318652730495
2014-12-03,19.412640033224797
2014-12-04,-1.3794288038811313
2014-12-05,23.73421639983873
2014-12-06,0.10156902744369978
2014-12-07,0.3797829853255088
2014-12-08,0.6338447495653492
2014-12-09,0.863754321448587
2014-12-10,22.570098059818314
2014-12-11,1.251116888517262
2014-12-12,49.59953930668976
2014-12-13,1.5418706858564946
2014-12-14,1.6510192960996815
2014-12-15,1.3005060677607085
2014-12-16,0.4903310018693672
2014-12-17,21.833179749067423
2014-12-18,45.49661489359645
2014-12-19,-4.698165229059967
2014-12-20,-7.346987650825069
2014-12-21,-10.455471909305805
2014-12-22,-13.112020311906086
2014-12-23,-15.316632856919803
2014-12-24,-17.069309544918227
2014-12-25,-18.37005037467912
2014-12-26,9.695726305775418
2014-12-27,-19.615724464989594
2014-12-28,-19.56065772595595
2014-12-29,-19.413853002455227
2014-12-30,5.633058579970514
2014-12-31,-18.84502960472855
2015-01-01,-18.42301092964058
2015-01-02,-17.877163676033234
2015-01-03,-17.207487843620072
2015-01-04,-16.413983432492078
2015-01-05,6.278155531697349
2015-01-06,9.412338680670375
2015-01-07,-15.352178690063928
2015-01-08,-15.437813272654568
2015-01-09,-15.743232605279056
2015-01-10,-16.26843668658485
2015-01-11,-17.01342551625426
2015-01-12,-17.415960274602213
2015-01-13,2.9979922020927052
2015-01-14,-17.193667575879985
2015-01-15,-16.56884011909954
2015-01-16,6.640427298389115
2015-01-17,-14.291822988706688
2015-01-18,-12.639633316300662
2015-01-19,8.654638755894137
2015-01-20,-8.794219728529121
2015-01-21,35.10272772459755
2015-01-22,37.476296385092525
2015-01-23,-1.6735137458434437
2015-01-24,1.0607444093723757
2015-01-25,75.9528849795299
2015-01-26,25.70898569486949
2015-01-27,6.550482053761568
2015-01-28,26.856139254277785
2015-01-29,25.66010366721231
2015-01-30,2.2780064981367563
2015-01-31,-1.3155327331954902
2015-02-01,-5.993762319468582
2015-02-02,-9.912155538258654
2015-02-03,-13.070712387944312
2015-02-04,-15.469432871629643
2015-02-05,-17.1083169850338
2015-02-06,-17.987364733024506
2015-02-07,10.251955893281455
2015-02-08,-17.46595112667017
2015-02-09,-16.643831016850303
2015-02-10,-15.640215784141656
2015-02-11,-14.455105428248425
2015-02-12,-13.088499949211146
2015-02-13,-11.540399347170887
2015-02-14,-9.810803621917655
2015-02-15,-7.899712771737434
2015-02-16,-5.992419629465116
2015-02-17,-4.088924192649591
2015-02-18,19.558493074671585
2015-02-19,-0.29332643423933535
2015-02-20,25.32356083178196
2015-02-21,3.487080499980748
2015-02-22,5.371587410561916
2015-02-23,26.26943669395477
2015-02-24,27.133586456323027
2015-02-25,7.964036698642383
2015-02-26,7.807829314547683
2015-02-27,30.010767308290514
2015-02-28,33.28259995509696
2015-03-01,4.278135719618438
2015-03-02,41.89089320358479
2015-03-03,1.1059759514578524
2015-03-04,-0.37944071161536197
2015-03-05,-1.7977485606102852
2015-03-06,-3.148947596600013
2015-03-07,-4.433037818344733
2015-03-08,20.855013956822418
2015-03-09,-6.3712453670523495
2015-03-10,-6.59671623803723
2015-03-11,-6.326431840103996
2015-03-12,-5.5603921744325415
2015-03-13,-4.298597238699507
2015-03-14,-2.541047035665122
2015-03-15,-0.28774156369480375
2015-03-16,1.2830172969154026
2015-03-17,2.171229544710962
2015-03-18,23.87748153857204
2015-03-19,23.771300327193003
2015-03-20,0.7405866161479917
2015-03-21,-1.101387584707627
2015-03-22,-3.6259083968933847
2015-03-23,-5.70059640125623
2015-03-24,-7.325451594153895
2015-03-25,-8.500473976719853
2015-03-26,-9.225663551089745
2015-03-27,-9.5010203157386
2015-03-28,-9.326544271221021
2015-03-29,-8.702235417668529
2015-03-30,-8.000792121280913
2015-03-31,-7.222214381978544
2015-04-01,-6.366502203518258
2015-04-02,-5.466014840232313
2015-04-03,-4.520752294072523
2015-04-04,-3.5307145650356464
2015-04-05,-2.4959016532676808
2015-04-06,-1.556732971917123
2015-04-07,-0.7132085187870887
2015-04-08,0.03467170412419929
2015-04-09,23.114243467987926
2015-04-10,1.2434994607204262
2015-04-11,1.7044469960048705
2015-04-12,2.0697503002177164
2015-04-13,22.82427125836653
2015-04-14,24.198578687625456
2015-04-15,1.972398347682275
2015-04-16,1.542193740664576
2015-04-17,0.9131121559538018
2015-04-18,0.08515359171073644
2015-04-19,-0.941681950257963
2015-04-20,18.804912972222123
2015-04-21,-2.9526221252890137
2015-04-22,-3.936726759287856
2015-04-23,-4.906587757760653
2015-04-24,-5.8622051188793565
2015-04-25,-6.803578846012824
2015-04-26,-7.730708937160586
2015-04-27,-8.68429690188831
2015-04-28,-9.66434274200217
2015-04-29,-10.670846455390219
2015-04-30,-11.703808043084786
2015-05-01,-12.763227505645974
2015-05-02,-13.790806924954968
2015-05-03,-14.786546301336688
2015-05-04,-15.313592910223873
2015-05-05,-15.371946752261735
2015-05-06,-14.961607827975019
2015-05-07,-14.082576137376549
2015-05-08,-12.734851681987823
2015-05-09,-10.918434459401293
2015-05-10,-8.633324468626125
2015-05-11,-7.150774966540045
2015-05-12,-6.470785950931807
2015-05-13,15.277928699186967
2015-05-14,-7.518489382693481
2015-05-15,13.366503824461049
2015-05-16,-11.77643476167113
2015-05-17,-15.109248182934143
2015-05-18,-16.905006308271645
2015-05-19,-17.163709135873837
2015-05-20,-15.885356670349726
2015-05-21,7.194971567856335
2015-05-22,-8.717485849854617
2015-05-23,-2.827967494286756
2015-05-24,4.5986061580963735
2015-05-25,59.76269312678052
2015-05-26,13.642987960748155
2015-05-27,55.12527851159035
2015-05-28,57.511038755216674
2015-05-29,36.53599845084449
2015-05-30,8.496689566492968
2015-05-31,2.3694770514273005
2015-06-01,-2.6692662334503403
2015-06-02,14.282235399346382
2015-06-03,-9.609628187686413
2015-06-04,-11.511246858429343
2015-06-05,-12.367157326202351
2015-06-06,-12.177359591132571
2015-06-07,-10.941853651290646
2015-06-08,-10.007021110607491
2015-06-09,-9.372861968875027
2015-06-10,-9.039376225760194
2015-06-11,-9.006563880825766
2015-06-12,-9.274424935331727
2015-06-13,-9.842959386717443
2015-06-14,-10.7121672383548
2015-06-15,-10.853815686427874
2015-06-16,-10.267904729644451
2015-06-17,-8.954434369327823
2015-06-18,-6.913404603589891
2015-06-19,-4.144815433968495
2015-06-20,-0.6486668600584586
2015-06-21,77.71499408008526
2015-06-22,26.77441687382814
2015-06-23,8.896098506829206
2015-06-24,9.993447915860967
2015-06-25,10.048677798910598
2015-06-26,9.06178816061236
2015-06-27,7.032778997581804
2015-06-28,3.961650311801084
2015-06-29,1.3502530419301584
2015-06-30,-0.8014128137183878
2015-07-01,20.057555105870193
2015-07-02,-3.736028227827533
2015-07-03,-4.5294557427319315
2015-07-04,-4.8736297919354
2015-07-05,-4.768550378987284
2015-07-06,-4.663451778954295
2015-07-07,-4.558333991007499
2015-07-08,-4.453197015437089
2015-07-09,-4.348040851431421
2015-07-10,-4.2428654997223
2015-07-11,-4.137670960257585
2015-07-12,-4.032457233714329
2015-07-13,-4.107771259693531
2015-07-14,-4.363613038826955
2015-07-15,-4.799982571408962
2015-07-16,-5.416879857390593
2015-07-17,-6.214304897996114
2015-07-18,-7.192257689904474
2015-07-19,-8.350738236542764
2015-07-20,-8.89256608837178
2015-07-21,-8.817741246181935
2015-07-22,-8.126263707162463
2015-07-23,-6.818133475457475
2015-07-24,-4.893350548074722
2015-07-25,-2.351914926579952
2015-07-26,0.8061733913634219
2015-07-27,3.029118433954309
2015-07-28,70.48682821781513
2015-07-29,4.669578690551891
2015-07-30,27.070479324875727
2015-07-31,2.5694658471322027
2015-08-01,0.11669451132971775
2015-08-02,22.17701125461995
2015-08-03,-5.733914397363339
2015-08-04,-7.4372807801287655
2015-08-05,-8.326021778936642
2015-08-06,15.50999743367509
2015-08-07,-7.659627631945712
2015-08-08,-6.104492485710436
2015-08-09,25.80718775973031
2015-08-10,65.34717889684643
2015-08-11,-1.2608315035331954
2015-08-12,-1.1566915765274919
2015-08-13,-1.8077585161240104
2015-08-14,-3.2140323221593867
2015-08-15,-5.375512995769061
2015-08-16,-8.292200535330013
2015-08-17,-10.539238752850046
2015-08-18,9.63109188738248
2015-08-19,-13.024367217684427
2015-08-20,-13.26245746456214
2015-08-21,-12.830898390017982
2015-08-22,-11.729689990712833
2015-08-23,-9.958832268838355
2015-08-24,-8.427665492573654
2015-08-25,35.18061425958569
2015-08-26,-6.084404773442621
2015-08-27,-5.272310831630627
2015-08-28,-4.699907833913554
2015-08-29,-4.367195782105291
2015-08-30,-4.274174674116157
2015-08-31,18.069731991052713
2015-09-01,18.180552434932697
2015-09-02,-4.00545815179545
2015-09-03,-4.004327994259471
2015-09-04,-4.058042978846699
2015-09-05,-4.1666031061510855
2015-09-06,-4.330008375605333
2015-09-07,-4.426525297426847
2015-09-08,-4.4561538686941
2015-09-09,-4.418894090290818
2015-09-10,19.0108238536261
2015-09-11,-4.143709485515772
2015-09-12,-3.905784659524075
2015-09-13,-3.6009714831084807
2015-09-14,-3.412359302279847
2015-09-15,-3.339948115671639
2015-09-16,-3.383737923135558
2015-09-17,-3.543728726553401
2015-09-18,19.78129783624452
2015-09-19,-4.2123133149485845
2015-09-20,-4.720907101289188
2015-09-21,-5.040862779680798
2015-09-22,-5.172180349380144
2015-09-23,-5.114859810817738
2015-09-24,-4.868901163779991
2015-09-25,-4.434304408644743
2015-09-26,24.647266244153816
2015-09-27,-2.9991965734485344
2015-09-28,-2.535476498170202
2015-09-29,19.327810217190216
2015-09-30,-2.652495030922535
2015-10-01,19.997284954500884
2015-10-02,-4.120459265334264
2015-10-03,-5.3141719046658995
2015-10-04,-6.814371561963727
2015-10-05,-8.034671290713444
2015-10-06,-8.975071092041535
2015-10-07,-9.635570968249919
2015-10-08,-10.016170916879327
2015-10-09,-10.116870938200451
2015-10-10,-9.937671034550508
2015-10-11,-9.478571201116328
2015-10-12,-9.095957387877926
2015-10-13,-8.789829589839993
2015-10-14,-8.560187809440096
2015-10-15,13.093554310806574
2015-10-16,-8.330362302188279
2015-10-17,-8.330178573675909
2015-10-18,-8.406480863484845
2015-10-19,-8.29598596496939
2015-10-20,13.501892481655696
2015-10-21,-7.5146046001561135
2015-10-22,-6.843718136098888
2015-10-23,19.506703188772093
2015-10-24,57.9633449088695
2015-10-25,-3.7102756098530167
2015-10-26,-2.984928094487195
2015-10-27,63.9604465728645
2015-10-28,-3.0520246031638196
2015-10-29,-3.8444686283669087
2015-10-30,20.126524133203542
2015-10-31,-6.947148221408972
2015-11-01,-9.25738378994265
2015-11-02,-10.895965288910286
2015-11-03,-11.86289272090592
2015-11-04,-12.158166083605957
2015-11-05,-11.781785377615837
2015-11-06,-10.733750602624369
2015-11-07,21.09816528788118
2015-11-08,21.892647674550393
2015-11-09,-4.80753748146734
2015-11-10,20.156267290229877
2015-11-11,45.91264811429987
2015-11-12,-2.8189626339702905
2015-11-13,22.70233939307041
2015-11-14,-4.3740537835392646
2015-11-15,-6.015841670743247
2015-11-16,-7.3123242633452
2015-11-17,15.090583621552454
2015-11-18,-8.869373562382536
2015-11-19,-9.129940269109333
2015-11-20,-9.045201679708766
2015-11-21,20.5465570356211
2015-11-22,-7.839808616101866
2015-11-23,-7.285120029219214
2015-11-24,18.028369036699733
2015-11-25,-6.837724639038985
2015-11-26,18.433658372024187
2015-11-27,-7.272971622417762
2015-11-28,-7.821586004498487
2015-11-29,-8.590860980066845
2015-11-30,-9.14998473349239
2015-12-01,-9.498957263932427
2015-12-02,-9.639777317404363
2015-12-03,-9.572444891906814
2015-12-04,-9.296959987898953
2015-12-05,-8.813322605592683
2015-12-06,-8.121532745481868
2015-12-07,19.587001041884903
2015-12-08,-7.127608032795065
2015-12-09,-6.825473180418243
2015-12-10,19.752006070716718
2015-12-11,22.365506466193082
2015-12-12,-6.698378636298034
2015-12-13,-6.915783794397904
2015-12-14,-7.044088416675816
2015-12-15,19.91600703035179
2015-12-16,20.7073030038342
2015-12-17,-6.894399083263981
2015-12-18,-6.6663015710498135
2015-12-19,-6.3491035255389265
2015-12-20,-5.942804947403386
2015-12-21,50.146141752228615
2015-12-22,-5.453207238020991
2015-12-23,-5.369908109833088
2015-12-24,38.97563484443225
2015-12-25,-5.526309305104728
2015-12-26,-5.766009627703266
2015-12-27,-6.113376434973113
2015-12-28,-6.3861117082699055
2015-12-29,-6.584215449793948
2015-12-30,-6.707687657840025
2015-12-31,-6.756528333629769
2016-01-01,-6.730737476132251
2016-01-02,-6.6357926583839895
2016-01-03,-6.471693880338018
2016-01-04,-6.312896520396573
2016-01-05,-6.159400578941862
2016-01-06,-6.011206056073402
2016-01-07,-5.868312949799911
2016-01-08,-5.730721262629597
2016-01-09,-5.598430993368896
2016-01-10,-5.4714421434247145
2016-01-11,23.058357955960616
2016-01-12,24.50957117072787
2016-01-13,-5.195499911511179
2016-01-14,25.691336497294433
2016-01-15,-5.099058693805301
2016-01-16,-5.077094164300617
2016-01-17,-5.072633689183833
2016-01-18,53.95705630462764
2016-01-19,-5.18251176106041
2016-01-20,-5.296850309028168
2016-01-21,-5.450788530089632
2016-01-22,-5.644326426746074
2016-01-23,-5.8774639968316444
2016-01-24,-6.150201242622959
2016-01-25,-6.377860135461394
2016-01-26,-6.560440676532383
2016-01-27,-6.697942865538437
2016-01-28,-6.790366702440705
2016-01-29,27.88449911630088
2016-01-30,-6.839979320190293
2016-01-31,-6.797168100558591
2016-02-01,-6.777188939228987
2016-02-02,-6.763362117304721
2016-02-03,-6.755687635079175
2016-02-04,25.62028063258742
2016-02-05,-6.758795693876183
2016-02-06,-6.769578235659298
2016-02-07,-6.786513117017429
2016-02-08,-6.825040033551976
2016-02-09,26.934065710657876
2016-02-10,25.28400956281967
2016-02-11,-7.0701729997609135
2016-02-12,-7.195068058643028
2016-02-13,-7.341555154975423
2016-02-14,-7.50963428643032
2016-02-15,-7.60907681344121
2016-02-16,56.36760998423469
2016-02-17,-7.602052055964723
2016-02-18,-7.4955847711170955
2016-02-19,-7.320480882734344
2016-02-20,-7.076740389475118
2016-02-21,-6.764363292327763
2016-02-22,-6.48026012454521
2016-02-23,26.169025488747682
2016-02-24,-5.996875568756447
2016-02-25,-5.797594182521424
2016-02-26,-5.626586725109346
2016-02-27,-5.483853195128433
2016-02-28,-5.369393592535567
2016-02-29,-5.199533511002272
2016-03-01,27.21482329475112
2016-03-02,-4.718151664754208
2016-03-03,-4.431169658727354
2016-03-04,-4.1133269315973
2016-03-05,-3.7646234804985585
2016-03-06,-3.385059307885424
2016-03-07,-3.0938526494337264
2016-03-08,-2.891003505690641
2016-03-09,-2.776511877766163
2016-03-10,-2.750377763420845
2016-03-11,-2.8126011659942254
2016-03-12,-2.9631820827458206
2016-03-13,-3.2021205137859603
2016-03-14,-3.353005667856534
2016-03-15,29.63822481716052
2016-03-16,-3.390616144205847
2016-03-17,-3.277341467058399
2016-03-18,-3.076013512491995
2016-03-19,-2.786632281585268
2016-03-20,-2.40919777124984
2016-03-21,-2.212657469832836
2016-03-22,-2.1970113728715113
2016-03-23,-2.362259482853867
2016-03-24,-2.708401797750586
2016-03-25,-3.235438319830868
2016-03-26,-3.9433690474132312
2016-03-27,44.28552485380652
2016-03-28,-5.574400054866448
2016-03-29,-6.16998726452462
2016-03-30,-6.618955613355382
2016-03-31,-6.921305100067993
2016-04-01,-7.077035725960261
2016-04-02,-7.06625075577387
2016-04-03,-6.8889501898587415
2016-04-04,-6.820251827838854
2016-04-05,28.384837351513895
2016-04-06,27.323839574692833
2016-04-07,-7.265769970947591
2016-04-08,28.297881393293412
2016-04-09,-8.10579308663468
2016-04-10,-8.688707952323911
2016-04-11,-9.100630062323464
2016-04-12,-9.34155941939089
2016-04-13,-9.411496021956417
2016-04-14,27.079920373918345
2016-04-15,-9.038390966626057
2016-04-16,40.58415282294622
2016-04-17,-7.981314894109356
2016-04-18,25.65454003790297
2016-04-19,-7.035321479304509
2016-04-20,-6.703362478485604
2016-04-21,-6.4654286147189906
2016-04-22,-6.321519888664617
2016-04-23,-6.2716362997218305
2016-04-24,-6.315777849564737
2016-04-25,-6.406425370183819
2016-04-26,-6.543578863018421
2016-04-27,-6.727238328423761
2016-04-28,-6.957403768467179
2016-04-29,-7.234075179383956
2016-04-30,-7.557252562248492
2016-05-01,31.861505502307775
2016-05-02,-8.201254745802357
2016-05-03,-8.38020904202511
2016-05-04,-8.463798807749745
2016-05-05,-8.452024040681655
2016-05-06,-8.344884745697529
2016-05-07,-8.142380920387652
2016-05-08,-7.844512561852376
2016-05-09,-7.60945741455457
2016-05-10,26.91429606473459
2016-05-11,-7.327786740781663
2016-05-12,-7.28117121627946
2016-05-13,-7.2973689013716
2016-05-14,-7.376379792528081
2016-05-15,-7.518203893826326
2016-05-16,-7.52275648867326
2016-05-17,-7.3900375792054485
2016-05-18,28.40534696189112
2016-05-19,-6.712785245607106
2016-05-20,-6.16825182190257
2016-05-21,-5.486446892492767
2016-05-22,-4.667370458674707
2016-05-23,26.735210739363005
2016-05-24,-3.9536444983702195
2016-05-25,-4.058994971374804
2016-05-26,-4.4724877462993184
2016-05-27,-5.194122824075672
2016-05-28,-6.22390020493544
2016-05-29,34.14190365235434
2016-05-30,-8.448142414838076
2016-05-31,24.480111046523287
2016-06-01,-8.865996003781884
2016-06-02,-8.422342146759265
2016-06-03,-7.551906216923893
2016-06-04,37.14569963417679
2016-06-05,-4.530688138174673
2016-06-06,-3.093750774124903
2016-06-07,-1.943876120584438
2016-06-08,-1.0810641793944455
2016-06-09,-0.5053149492462499
2016-06-10,-0.21662843154444644
2016-06-11,-0.2150046245253776
2016-06-12,-0.5004435269007761
2016-06-13,-0.7586542761109776
2016-06-14,-0.9896368697977209
2016-06-15,-1.1933913087414432
2016-06-16,-1.3699175919696334
2016-06-17,-1.5192157207036114
2016-06-18,-1.6412856933474735
2016-06-19,-1.7361275134488636
2016-06-20,28.59098961632401
2016-06-21,-1.8520764480179661
2016-06-22,-1.8731835656987492
2016-06-23,-1.86971244980354
2016-06-24,-1.8416630992860217
2016-06-25,-1.7890355145324879
2016-06-26,-1.7118296969694153
2016-06-27,-1.7640580673634503
2016-06-28,-1.9457206278479813
2016-06-29,-2.256817377605083
2016-06-30,-2.6973483146964625
2016-07-01,-3.2673134422970964
2016-07-02,-3.9395605630009687
2016-07-03,34.024035743548026
2016-07-04,-5.330215806058316
2016-07-05,29.799238472775507
2016-07-06,-6.087259105024026
2016-07-07,-6.228176275641136
2016-07-08,-6.21069045919443
2016-07-09,-6.034801657601983
2016-07-10,-5.700509870212147
2016-07-11,30.149785512809807
2016-07-12,-5.430797656349312
2016-07-13,-5.495377230164269
2016-07-14,-5.692913923475663
2016-07-15,-6.02340774108734
2016-07-16,-6.486858677255264
2016-07-17,-7.083266733473707
2016-07-18,28.21324164906707
2016-07-19,-7.729565555369667
2016-07-20,-7.779456319895283
2016-07-21,-7.647174654612594
2016-07-22,29.67547262945916
2016-07-23,-6.836094029770906
2016-07-24,-6.157295071059813
2016-07-25,-5.628571643306866
2016-07-26,-5.249923746315716
2016-07-27,-5.0213513800888645
2016-07-28,-4.942854543091576
2016-07-29,-5.014433239094594
2016-07-30,-5.236087464004821
2016-07-31,-5.607817219384711
2016-08-01,-5.864920065530802
2016-08-02,-6.020989943962062
2016-08-03,-6.076026857252628
2016-08-04,30.811822744035126
2016-08-05,-5.88300178275462
2016-08-06,-5.634939795621057
2016-08-07,-5.285844842200672
2016-08-08,-5.052950628220966
2016-08-09,-4.93625715517587
2016-08-10,-4.935764419785828
2016-08-11,30.721054879441972
2016-08-12,-5.283381167131068
2016-08-13,-5.631490651887914
2016-08-14,41.41555231328124
2016-08-15,-6.397124380232523
2016-08-16,-6.535461169896843
2016-08-17,-6.5108112419262945
2016-08-18,-6.323174597641248
2016-08-19,-5.972551235494258
2016-08-20,-5.458941156422027
2016-08-21,-4.782344359822696
2016-08-22,-4.205423057110931
2016-08-23,-3.728177246107963
2016-08-24,-3.350606928932674
2016-08-25,-3.072712104273343
2016-08-26,-2.89449277147315
2016-08-27,-2.8159489329225558
2016-08-28,-2.837080585225511
2016-08-29,-2.9776549704971096
2016-08-30,-3.2376720856739123
2016-08-31,28.757314192894476
2016-09-01,-4.1160345118917725
2016-09-02,-4.750000686285469
2016-09-03,-5.5190304568764805
2016-09-04,67.08949107164487
2016-09-05,-7.084821638905547
2016-09-06,-7.504123899905821
2016-09-07,-7.681030608038116
2016-09-08,-7.615541763734324
2016-09-09,27.167420760838226
2016-09-10,-6.7573774152750765
2016-09-11,-5.964701910796261
2016-09-12,-5.409373686533723
2016-09-13,-5.091392744537808
2016-09-14,-5.010759079743196
2016-09-15,25.72417437173054
2016-09-16,-5.561533591792983
2016-09-17,-6.192941767031246
2016-09-18,-7.061697223437631
2016-09-19,-7.85673343622085
2016-09-20,-8.578050403984138
2016-09-21,21.45688624925682
2016-09-22,-9.799526611161308
2016-09-23,-10.299685849573464
2016-09-24,28.938748987996508
2016-09-25,-11.078846597387288
2016-09-26,-11.49006737930343
2016-09-27,-11.959788193071198
2016-09-28,-12.48800903779011
2016-09-29,48.21429786831488
2016-09-30,-13.719950819613528
2016-10-01,23.51127084162632
2016-10-02,-15.130588509759544
2016-10-03,11.759418322530891
2016-10-04,-16.562275644782616
2016-10-05,-17.28704602656365
2016-10-06,-18.017767620840768
2016-10-07,-18.75444042372362
2016-10-08,52.60403981605028
2016-10-09,12.62307281714983
2016-10-10,-20.748274640280464
2016-10-11,-21.004969370078324
2016-10-12,7.404591446974599
2016-10-13,-20.780538091766612
2016-10-14,42.904897816759494
2016-10-15,17.74476383052287
2016-10-16,-18.59933932217495
2016-10-17,9.793014542781856
2016-10-18,10.398966180181649
2016-10-19,11.049513316750867
2016-10-20,40.887360540135575
2016-10-21,-16.487218298589205
2016-10-22,-16.615376392409335
2016-10-23,-16.927061919697653
2016-10-24,-17.02668052009344
2016-10-25,12.865315575484725
2016-10-26,-16.589716946403946
2016-10-27,-16.05313477097703
2016-10-28,51.297905406284876
2016-10-29,-14.343769642793287
2016-10-30,-13.170986691218967
2016-10-31,20.25505437820559
2016-11-01,-11.188984813225382
2016-11-02,-10.442010834180715
2016-11-03,-9.878469812540848
2016-11-04,-9.498361747559175
2016-11-05,-9.301686639401346
2016-11-06,-9.288444486771894
2016-11-07,-9.24405359728958
2016-11-08,-9.168513973065508
2016-11-09,-9.061825611741487
2016-11-10,-8.923988516592347
2016-11-11,21.951294501445524
2016-11-12,25.549510247892574
2016-11-13,-8.323584810198005
2016-11-14,-8.041952073530977
2016-11-15,20.030729160520938
2016-11-16,49.532002539615455
2016-11-17,50.70608310004762
2016-11-18,-6.411926816709169
2016-11-19,-5.8785469232418315
2016-11-20,-5.294817596831377
2016-11-21,22.51261792686196
2016-11-22,-4.380888368156221
2016-11-23,-4.050688462222427
2016-11-24,-3.804998361845664
2016-11-25,-3.6438180671617992
2016-11-26,-3.567147579559297
2016-11-27,-3.5749868972992065
2016-11-28,-3.65067380759578
2016-11-29,-3.794208310683972
2016-11-30,-4.005590404954328
2016-12-01,-4.284820091664544
2016-12-02,-4.602412824495893
2016-12-03,-4.958368601676284
2016-12-04,-5.352687422954626
2016-12-05,-5.759898653693935
2016-12-06,21.004647128263898
2016-12-07,-6.612998335756031
2016-12-08,23.83276027889381
2016-12-09,-7.517667648667356
2016-12-10,-7.9893409168689065
2016-12-11,21.67634094343952
2016-12-12,16.91387729132611
2016-12-13,-8.93154034102801
2016-12-14,-8.904608412441412
2016-12-15,19.960271196286506
2016-12-16,22.51437962851887
2016-12-17,-7.800817416226739
2016-12-18,-7.091888680091277
2016-12-19,-6.597576054247614
2016-12-20,-6.31787953803263
2016-12-21,-6.252799132746945
2016-12-22,-6.402334836251255
2016-12-23,-6.766486651529047
2016-12-24,-7.345254574863756
2016-12-25,-8.138638609547467
2016-12-26,-8.828614954382079
2016-12-27,19.128698281042823
2016-12-28,-9.898344573710316
2016-12-29,-10.278097847651793
2016-12-30,53.329482702144816
2016-12-31,-10.727381327030681
2017-01-01,-10.796911532277623
2017-01-02,-10.799858885476429
2017-01-03,16.06822114480103
2017-01-04,-10.606005037267202
2017-01-05,-10.409203836442819
2017-01-06,49.66040893804072
2017-01-07,-9.815852879676783
2017-01-08,-9.41930312293023
2017-01-09,-9.097930268568982
2017-01-10,-8.85173431399269
2017-01-11,16.774001923085716
2017-01-12,17.4876770170074
2017-01-13,-8.564207855380591
2017-01-14,-8.618719503776159
2017-01-15,-8.748408052988754
2017-01-16,-8.76940265445143
2017-01-17,16.01260409865289
2017-01-18,16.83633545466973
2017-01-19,-8.18022277860695
2017-01-20,-7.766441589555192
2017-01-21,-7.243966456982841
2017-01-22,-6.612797373930362
2017-01-23,-6.1859326971835085
2017-01-24,-5.963372425416856
2017-01-25,-5.94511656025064
2017-01-26,-6.131165100986017
2017-01-27,-6.521518046750396
2017-01-28,-7.116175396832311
2017-01-29,20.381611559138186
2017-01-30,-8.461747182576728
2017-01-31,64.1292713516919
2017-02-01,-8.797912052132851
2017-02-02,-8.603366960133283
2017-02-03,-8.17237020553991
2017-02-04,-7.504921788195279
2017-02-05,-6.601021707934081
2017-02-06,17.88227027397724
2017-02-07,-5.229400685773219
2017-02-08,-4.761679746788022
2017-02-09,-4.439351851564752
2017-02-10,-4.262417005267323
2017-02-11,-4.230875204770513
2017-02-12,-4.344726451620371
2017-02-13,-4.488395420671523
2017-02-14,-4.661882111238434
2017-02-15,-4.8651865238863135
2017-02-16,-5.098308659339496
2017-02-17,19.903366221112286
2017-02-18,-5.654006099390255
2017-02-19,-5.976581401203537
2017-02-20,18.197445585739334
2017-02-21,-6.530478569086219
2017-02-22,67.3781525286991
2017-02-23,-6.962704482467656
2017-02-24,-7.133190720099637
2017-02-25,-7.2732591437510274
2017-02-26,-7.382909755000463
2017-02-27,-7.431985667976733
2017-02-28,17.045697598955776
2017-03-01,-7.348413389607559
2017-03-02,-7.194871048280139
2017-03-03,-6.959859854637696
2017-03-04,24.31005055264909
2017-03-05,-6.2454309081837565
2017-03-06,-6.046643612993468
2017-03-07,-6.047017924595018
2017-03-08,-6.2465538393596916
2017-03-09,-6.64525135895964
2017-03-10,19.20013940294475
2017-03-11,-8.040131216345037
2017-03-12,19.631134925420522
2017-03-13,-9.79703602918186
2017-03-14,14.638152184457443
2017-03-15,15.027965662674507
2017-03-16,-10.6664442990887
2017-03-17,-10.485327337313468
2017-03-18,19.957930433164613
2017-03-19,-9.416713833728046
2017-03-20,16.540726062569874
2017-03-21,-8.189882610692855
2017-03-22,-7.615088069553411
2017-03-23,-7.066040908386033
2017-03-24,-6.542741126531074
2017-03-25,27.688489872425215
2017-03-26,-5.573383703081321
2017-03-27,-5.140443216295667
2017-03-28,-4.746367259485789
2017-03-29,22.546360403303332
2017-03-30,-4.074808949625911
2017-03-31,-3.7973265935156313
2017-04-01,-3.55870877127262
2017-04-02,-3.3861928227871463
2017-04-03,-3.2571523773485005
2017-04-04,-3.171587433967076
2017-04-05,23.375535190333608
2017-04-06,-3.1308840555453887
2017-04-07,-3.175745619632309
2017-04-08,-3.264082686657842
2017-04-09,-3.395895257829931
2017-04-10,-3.4372866434239135
2017-04-11,-3.3882568453065733
2017-04-12,-3.2488058641676805
2017-04-13,-3.0189336986613178
2017-04-14,29.366889305343342
2017-04-15,-2.2879258163091123
2017-04-16,-1.7867900990089147
2017-04-17,-1.4359970450949024
2017-04-18,-1.2355466523818421
2017-04-19,-1.1854389229035611
2017-04-20,-1.2856738548521687
2017-04-21,-1.5362514493638617
2017-04-22,-1.9371717065647083
2017-04-23,-2.488434627111804
2017-04-24,-2.9469924803264664
2017-04-25,-3.312845264494751
2017-04-26,-3.5859929823936927
2017-04-27,23.171080609508458
2017-04-28,-3.8541732166227245
2017-04-29,-3.849205732011134
2017-04-30,-3.7515331796669855
2017-05-01,-3.7114136598004492
2017-05-02,-3.6995653567000204
2017-05-03,-3.715988266850296
2017-05-04,-3.760682392869507
2017-05-05,-3.833647733786254
2017-05-06,-3.934884289554553
2017-05-07,-4.064392061853399
2017-05-08,-4.2541262144247405
2017-05-09,-4.504086744805081
2017-05-10,-4.8142736577602365
2017-05-11,-5.18468695171081
2017-05-12,-5.615326624395971
2017-05-13,-6.106192677851312
2017-05-14,-6.657285113423378
2017-05-15,-7.264188139361656
2017-05-16,-7.926901758709068
2017-05-17,-8.6454259708316
2017-05-18,22.460418998569935
2017-05-19,22.74237289699414
2017-05-20,-11.135862161021837
2017-05-21,-12.077628742042974
2017-05-22,45.951197051495846
2017-05-23,-12.761073297452082
2017-05-24,49.404109449986024
2017-05-25,-11.84439971007058
2017-05-26,26.283957868108537
2017-05-27,-9.32760797888141
2017-05-28,-7.469167807700787
2017-05-29,-5.93836629450946
2017-05-30,-4.735203435063991
2017-05-31,-3.8596792316192854
2017-06-01,-3.3117936830429837
2017-06-02,-3.1061361234889056
2017-06-03,-3.2427065519745764
2017-06-04,-3.721504967167938
2017-06-05,-4.102810104016045
2017-06-06,-4.386621958272627
2017-06-07,22.92062535641493
2017-06-08,-4.6617658294507365
2017-06-09,-4.653097845432034
2017-06-10,-4.546936580118798
2017-06-11,-4.343282036428441
2017-06-12,-4.16366485551934
2017-06-13,-4.008085040261593
2017-06-14,27.946606451579363
2017-06-15,-3.769037501188688
2017-06-16,-3.6855697781284906
2017-06-17,-3.6261394190207277
2017-06-18,-3.5907464252397148
2017-06-19,-3.4853742275079984
2017-06-20,-3.3100228239117317
2017-06-21,-3.0646922191764716
2017-06-22,-2.74938240813462
2017-06-23,29.51608637912762
2017-06-24,-1.9088251748008425
2017-06-25,-1.38357775285502
2017-06-26,-0.9303979717389872
2017-06-27,-0.5492858325221199
2017-06-28,-0.24024133475323417
2017-06-29,-0.0032644779986146233
2017-06-30,0.16164473550464997
2017-07-01,0.2544863092991463
2017-07-02,0.2657162977866747
2017-07-03,0.28720691329936265
2017-07-04,0.31895815560898555
2017-07-05,0.36097002216016705
2017-07-06,0.41324251689196245
2017-07-07,0.47577563730163597
2017-07-08,0.548569385750822
2017-07-09,0.6316237597364758
2017-07-10,0.6875307622836839
2017-07-11,0.7162903952028277
2017-07-12,0.7179026583151682
2017-07-13,0.6923675488468923
2017-07-14,0.6396850694775118
2017-07-15,0.5598552188438788
2017-07-16,0.4528779988926033
2017-07-17,0.3811891846221158
2017-07-18,0.3447887786854107
2017-07-19,0.343676778460825
2017-07-20,0.3778531848770843
2017-07-21,0.44731799896363356
2017-07-22,0.5520712198544384
2017-07-23,0.6921128469224538
2017-07-24,0.6473032958357301
2017-07-25,0.41764256616099793
2017-07-26,0.003130658702707123
2017-07-27,-0.5962324271651482
2017-07-28,-1.3804466920552443
2017-07-29,-2.349512135726904
2017-07-30,-3.5034287583168773
2017-07-31,-4.400525153637478
2017-08-01,27.827911155235096
2017-08-02,26.042955953838735
2017-08-03,-5.492343459445408
2017-08-04,-5.303609424465968
2017-08-05,-4.838538654683971
2017-08-06,-4.097131149304618
2017-08-07,-3.46923604426563
2017-08-08,-2.9548533399382375
2017-08-09,-2.5539830360766835
2017-08-10,-2.2666251320660606
2017-08-11,-2.092779628318178
2017-08-12,-2.032446524586856
2017-08-13,-2.085625822306927
2017-08-14,-2.2977670624162627
2017-08-15,-2.668870246967556
2017-08-16,-3.198935375115214
2017-08-17,-3.8879624468196052
2017-08-18,-4.735951464241712
2017-08-19,-5.742902425024907
2017-08-20,67.23113763083055
2017-08-21,-7.861763524634393
2017-08-22,-8.601747008207813
2017-08-23,-9.128765780588406
2017-08-24,-9.44281984159974
2017-08-25,-9.543909191415267
2017-08-26,-9.432033832766875
2017-08-27,-9.107193760621426
2017-08-28,-8.707545979600136
2017-08-29,-8.23309048738704
2017-08-30,25.736182278076726
2017-08-31,-7.059756374487542
2017-09-01,25.576332753912794
2017-09-02,-5.596393851788411
2017-09-03,-4.766304675873423
2017-09-04,-4.06818923596987
2017-09-05,-3.50204753446358
2017-09-06,-3.0678795715721403
2017-09-07,-2.765685344918964
2017-09-08,-2.595464856364279
2017-09-09,-2.5572181063172277
2017-09-10,-2.6509450925019102
2017-09-11,-2.7466663058636698
2017-09-12,-2.844381742890201
2017-09-13,-2.9440914066754793
2017-09-14,-3.0457952961053856
2017-09-15,-3.1494934120209646
2017-09-16,-3.25518575257885
2017-09-17,-3.362872318784815
2017-09-18,28.443418145677903
2017-09-19,-3.847553444426344
2017-09-20,-4.224548002844054
2017-09-21,-4.691311892623231
2017-09-22,-5.247845111038256
2017-09-23,-5.894147661847311
2017-09-24,30.19262376118472
2017-09-25,-7.070074890545921
2017-09-26,24.04863312740123
2017-09-27,-7.061135984887498
2017-09-28,-6.61234173098371
2017-09-29,-5.867330943921436
2017-09-30,-4.826103623645954
2017-10-01,-3.4886597682755767
2017-10-02,-2.4655332371756895
2017-10-03,-1.7567240296787041
2017-10-04,-1.3622321451486137
2017-10-05,-1.282057584716581
2017-10-06,-1.5162003487341131
2017-10-07,-2.064660435554451
2017-10-08,-2.927437845337767
2017-10-09,-3.5579899974770477
2017-10-10,27.367813236308805
2017-10-11,-4.122418524258274
2017-10-12,-4.056294899385987
2017-10-13,-3.7579460168297967
2017-10-14,-3.2273718739572494
2017-10-15,-2.46457247333605
2017-10-16,-1.9482412570349865
2017-10-17,-1.6783782252198716
2017-10-18,-1.654983379064257
2017-10-19,-1.878056716577042
2017-10-20,-2.3475982399562074
2017-10-21,-3.0636079460324286
2017-10-22,-4.026085839509605
2017-10-23,-4.760731956672808
2017-10-24,-5.267546301693091
2017-10-25,-5.546528871157349
2017-10-26,-5.597679665939852
2017-10-27,31.249762662403562
2017-10-28,-5.016485934604633
2017-10-29,30.632728682809585
2017-10-30,-4.137554839810443
2017-10-31,-4.27672622998978
2017-11-01,-4.801655580107628
2017-11-02,-5.702584486259182
2017-11-03,-6.979512950946615
2017-11-04,-8.632440970905447
2017-11-05,26.90287428344718
2017-11-06,50.582089748397735
2017-11-07,-13.21754659777033
2017-11-08,-13.744797070607337
2017-11-09,19.776840207583092
2017-11-10,-13.29762090822409
2017-11-11,-12.323194275562601
2017-11-12,25.651460543143337
2017-11-13,21.66302282406039
2017-11-14,-8.890209512982528
2017-11-15,-8.407196087829519
2017-11-16,-8.254840077636768
2017-11-17,-8.433141482697426
2017-11-18,-8.942100301460222
2017-11-19,28.77105900490221
2017-11-20,-10.356359719000361
2017-11-21,-10.666029849394668
2017-11-22,-10.710726932037215
2017-11-23,-10.490450965112428
2017-11-24,26.69407476829422
2017-11-25,-9.254979877730358
2017-11-26,30.883298111872936
2017-11-27,-7.52692097822783
2017-11-28,-7.116388534588774
2017-11-29,-7.008187429322383
2017-11-30,-7.202317661610472
2017-12-01,-7.698779231087185
2017-12-02,-8.503085341717064
2017-12-03,-9.615235989081132
2017-12-04,55.434894584118645
2017-12-05,-11.121018140965099
2017-12-06,23.51647812829161
2017-12-07,-11.66877476896017
2017-12-08,-11.583393510472067
2017-12-09,-11.258505871402747
2017-12-10,-10.694111850554211
2017-12-11,-10.214857959432162
2017-12-12,-9.82074419841061
2017-12-13,-9.5117705656700835
2017-12-14,25.443779362100457
2017-12-15,28.723915615375958
2017-12-16,-9.095690443951666
2017-12-17,-9.127277330088106
2017-12-18,-8.930756176447673
2017-12-19,-8.506126985775884
2017-12-20,-7.853389757156108
2017-12-21,31.827364223810413
2017-12-22,-5.863591189016433
2017-12-23,-4.5265298470607895
2017-12-24,-2.961360466724285
2017-12-25,-2.193786382905601
2017-12-26,-2.223807595766667
2017-12-27,-3.0514241035664114
2017-12-28,-4.676635905807647
2017-12-29,-7.099443004490403
2017-12-30,-10.319845399723706
2017-12-31,33.173510096265886
2018-01-01,23.421204836323476
2018-01-02,14.917578166848479
2018-01-03,46.09183903827781
2018-01-04,-19.78244246606706
2018-01-05,-18.485270539614074
2018-01-06,-16.124769905030487
2018-01-07,-12.700940561089244
2018-01-08,-9.854716462991513
2018-01-09,-7.586097608766824
2018-01-10,26.44134163831731
2018-01-11,-4.781675631868147
2018-01-12,-4.245872509504855
2018-01-13,-4.2876746312501
2018-01-14,-4.9070819960524314
2018-01-15,-5.574897042153613
2018-01-16,-6.291119763450795
2018-01-17,-7.055750167293626
2018-01-18,24.87635764217481
2018-01-19,-8.730234009081116
2018-01-20,-9.640087448542443
2018-01-21,25.730228382328978
2018-01-22,-11.382904640467155
2018-01-23,20.00999069576827
2018-01-24,20.499594130054366
2018-01-25,-12.694342572718595
2018-01-26,-12.78407845417863
2018-01-27,-12.700109291068479
2018-01-28,-12.442435077652583
2018-01-29,-12.240755634688966
2018-01-30,21.020774695179718
2018-01-31,22.28434718873748
2018-02-01,-11.971685919379148
2018-02-02,23.531365654773754
2018-02-03,-12.072408713710793
2018-02-04,-12.206826644862087
2018-02-05,-12.075461105821603
2018-02-06,22.611416147352468
2018-02-07,-11.015379617773828
2018-02-08,-10.086663669576156
2018-02-09,-8.89216425100836
2018-02-10,33.45915423248094
2018-02-11,-5.705815002286789
2018-02-12,-4.5101187091793955
2018-02-13,-3.844792480277942
2018-02-14,-3.709836318307226
2018-02-15,-4.105250219948699
2018-02-16,-5.0310341885687295
2018-02-17,-6.487188222753512
2018-02-18,-8.473712321983443
2018-02-19,-10.14760170645038
2018-02-20,-11.508856374621125
2018-02-21,54.16848133637623
2018-02-22,-13.293461567242922
2018-02-23,22.241065093805183
2018-02-24,-13.827527899691688
2018-02-25,-13.625608994159922
2018-02-26,18.317167246500546
2018-02-27,20.065424732810243
2018-02-28,-11.802680517330318
2018-03-01,-10.789313771124041
2018-03-02,24.406347526652578
2018-03-03,-8.158131944797976
2018-03-04,-6.540316864792078
2018-03-05,25.747291082629395
2018-03-06,-5.082348600509247
2018-03-07,-5.2421954207399795
2018-03-08,-5.994596205360485
2018-03-09,-7.3395509579722304
2018-03-10,-9.277059678547495
2018-03-11,25.833161445876073
2018-03-12,-13.66059490131587
2018-03-13,48.36683260995623
2018-03-14,-15.337769526758738
2018-03-15,-15.161471615873031
2018-03-16,19.67222821745114
2018-03-17,-12.779105346125139
2018-03-18,-10.573036986120021
2018-03-19,-8.70504774957666
2018-03-20,-7.175137631989369
2018-03-21,25.773306548296638
2018-03-22,-5.1295547619319954
2018-03-23,-4.613882008311458
2018-03-24,-4.436288373782283
2018-03-25,-4.596773862373917
2018-03-26,-4.964743842724447
2018-03-27,-5.540198317608079
2018-03-28,-6.323137285507171
2018-03-29,26.049418083121875
2018-03-30,-8.511468704272595
2018-03-31,-9.916861154602387
2018-04-01,29.247236029483872
2018-04-02,-12.532076309077283
2018-04-03,-12.923875785699325
2018-04-04,52.53802207573872
2018-04-05,-11.875858539753054
2018-04-06,-10.436041814775304
2018-04-07,-8.385686357798857
2018-04-08,-5.724792167271642
2018-04-09,-3.931333836255112
2018-04-10,-3.005311365732817
2018-04-11,-2.9467247553008056
2018-04-12,-3.755574004429948
2018-04-13,-5.431859114530361
2018-04-14,-7.975580084297826
2018-04-15,-11.38673691465129
2018-04-16,-13.956572736626402
2018-04-17,16.380442104231605
2018-04-18,16.976047357152083
2018-04-19,-16.618154155368313
2018-04-20,20.876570769720153
2018-04-21,28.8152359886136
2018-04-22,-11.707846504043806
2018-04-23,-9.749384378052392
2018-04-24,-8.310550351043979
2018-04-25,-7.391344422225567
2018-04-26,-6.991766591961496
2018-04-27,-7.111816860542666
2018-04-28,35.991077018624054
2018-04-29,-8.910801694298694
2018-04-30,-9.764942600870972
2018-05-01,-10.313917949679741
2018-05-02,19.464919997724767
2018-05-03,52.5104884123679
2018-05-04,-10.1540499087049
2018-05-05,-9.498495864754485
2018-05-06,-8.541809473275151
2018-05-07,53.64479457848654
2018-05-08,-7.547166577836297
2018-05-09,-7.509210074883935
2018-05-10,-7.777496867542031
2018-05-11,-8.352026956532145
2018-05-12,-9.2328003402346
2018-05-13,-10.419817020396994
2018-05-14,17.75958195473535
2018-05-15,16.611267157744777
2018-05-16,-12.011262584741846
2018-05-17,-11.88520961483043
2018-05-18,-11.430889230951895
2018-05-19,28.954790104592114
2018-05-20,-9.537446225337975
2018-05-21,-8.749788432286534
2018-05-22,-8.285328053839503
2018-05-23,-8.144065090932699
2018-05-24,51.41844588418098
2018-05-25,-8.83113141077303
2018-05-26,-9.659460694166771
2018-05-27,-10.81098739299855
2018-05-28,-11.784197045149718
2018-05-29,-12.579089650580048
2018-05-30,17.325282091122496
2018-05-31,-13.633923723807026
2018-06-01,-13.893865191887592
2018-06-02,58.57610269269041
2018-06-03,57.967405773697166
2018-06-04,-13.68127585115127
2018-06-05,-13.52696614793686
2018-06-06,14.93489581618271
2018-06-07,-13.185936099345673
2018-06-08,-12.999215753555472
2018-06-09,-12.80169186252277
2018-06-10,21.79616760237897
2018-06-11,-12.359942272958486
2018-06-12,-12.101425406744074
2018-06-13,13.945819826966172
2018-06-14,17.220124237293938
2018-06-15,-11.175306528004931
2018-06-16,-10.816410808506014
2018-06-17,-10.432420374856672
2018-06-18,17.280265019607523
2018-06-19,-9.4176527661003675
2018-06-20,20.49840582615937
2018-06-21,-8.073836172920283
2018-06-22,-7.278534506442635
2018-06-23,-6.400970592049479
2018-06-24,-5.4411444312361645
2018-06-25,-4.664889805321368
2018-06-26,-4.07220670984643
2018-06-27,-3.6630951478412594
2018-06-28,-3.437555119055096
2018-06-29,-3.3955866225147346
2018-06-30,-3.537189659326126
2018-07-01,-3.8623642292078877
2018-07-02,-4.03361094977577
2018-07-03,-4.0509298214706195
2018-07-04,-3.914320846793304
2018-07-05,25.537930808101976
2018-07-06,-3.1793193503485924
2018-07-07,-2.5809268305857564
2018-07-08,-1.8286064626029699
2018-07-09,-1.2114552117946467
2018-07-10,-0.7294730795792876
2018-07-11,-0.38266006589788404
2018-07-12,-0.17101616984967016
2018-07-13,-0.09454139271215034
2018-07-14,-0.15323573392118028
2018-07-15,-0.3470991925674589
2018-07-16,-0.45798695797150835
2018-07-17,-0.4858990322979615
2018-07-18,-0.4308354114454378
2018-07-19,-0.2927960993087595
2018-07-20,-0.07178109307982439
2018-07-21,0.23220960495557286
2018-07-22,0.619175995306426
2018-07-23,0.6793107502096518
2018-07-24,0.4126138703228772
2018-07-25,-0.18091464653777045
2018-07-26,-1.1012747980373678
2018-07-27,-2.3484665875220294
2018-07-28,-3.9224900115819423
2018-07-29,-5.8233450710166235
2018-07-30,-7.350029533802303
2018-07-31,21.52413755070505
2018-08-01,-9.280886663935526
2018-08-02,-9.652772227278701
2018-08-03,21.89127991669346
2018-08-04,29.00490552312459
2018-08-05,-8.329682711409188
2018-08-06,-7.618844035234623
2018-08-07,-7.04465422453095
2018-08-08,22.136376176789028
2018-08-09,23.178667787067706
2018-08-10,-6.141977981870275
2018-08-11,-6.11438362919651
2018-08-12,-6.223438141592764
2018-08-13,-6.354779565489239
2018-08-14,-6.508407901096286
2018-08-15,25.875472861670247
2018-08-16,-6.882525305047301
2018-08-17,-7.103014371912541
2018-08-18,-7.345790351647086
2018-08-19,27.173141354851204
2018-08-20,-7.772569312436342
2018-08-21,-7.8309385624039685
2018-08-22,-7.7859609875847875
2018-08-23,-7.637636593400886
2018-08-24,-7.385965378470568
2018-08-25,-7.030947341784145
2018-08-26,-6.572582484021383
2018-08-27,22.401171000424544
2018-08-28,-6.112032321016065
2018-08-29,-6.109847014775267
2018-08-30,-6.2597215601965095
2018-08-31,-6.561655955504253
2018-09-01,-7.015650202940536
2018-09-02,-7.634557193558205
2018-09-03,-8.07833390083998
2018-09-04,-8.346980321023755
2018-09-05,19.732685668461446
2018-09-06,-8.35888230608853
2018-09-07,-8.102137870004041
2018-09-08,27.517699141047686
2018-09-09,27.155181685141187
2018-09-10,-6.504118493966885
2018-09-11,-5.992844203821059
2018-09-12,-5.529435271422704
2018-09-13,-5.113891696394893
2018-09-14,-4.746213481530537
2018-09-15,-4.426400623651142
2018-09-16,-4.154453123028528
2018-09-17,22.94036943085652
2018-09-18,-3.769131807715441
2018-09-19,-3.655757992241014
2018-09-20,-3.5952420728213177
2018-09-21,-3.5875840464792503
2018-09-22,-3.632783917590338
2018-09-23,-3.7308416813171874
2018-09-24,-3.7179752641432557
2018-09-25,-3.5941846632156214
2018-09-26,-3.3594698810720747
2018-09-27,25.159351210464326
2018-09-28,-2.5572677654558937
2018-09-29,-1.989780434070605
2018-09-30,-1.3113689198204437
2018-10-01,-0.8318938380996279
2018-10-02,-0.5594218008693375
2018-10-03,-0.49395280798425745
2018-10-04,-0.6354868602686334
2018-10-05,-0.9840239562913204
2018-10-06,-1.5395640951829517
2018-10-07,-2.3021072772284636
2018-10-08,-2.8439384454893855
2018-10-09,-3.1650575942383004
2018-10-10,-3.2654647256430795
2018-10-11,-3.14515983937841
2018-10-12,-2.804142937160618
2018-10-13,32.294447403568704
2018-10-14,-1.459973080547508
2018-10-15,-0.8372100244300391
2018-10-16,-0.3741248482730093
2018-10-17,-0.07071755302122362
2018-10-18,0.07301186129025972
2018-10-19,0.05706339513773351
2018-10-20,-0.11856295209987877
2018-10-21,-0.4538671786575481
2018-10-22,-0.6982394505648681
2018-10-23,-0.8516797683440647
2018-10-24,-0.9141881312395093
2018-10-25,-0.8857645379539161
2018-10-26,-0.7664089917740071
2018-10-27,-0.5561214900499678
2018-10-28,-0.254902033153547
2018-10-29,-0.21919848555910804
2018-10-30,-0.44901084481119824
2018-10-31,-0.9443391137167101
2018-11-01,-1.7051832897917194
2018-11-02,-2.721702031660973
2018-11-03,-3.9938953413071854
2018-11-04,23.392818437841946
2018-11-05,67.46335136142515
2018-11-06,-7.458410489289697
2018-11-07,-7.867189886897011
2018-11-08,-7.902939791880547
2018-11-09,-7.565660205159665
2018-11-10,-6.855351125146306
2018-11-11,-5.77201255310856
2018-11-12,-4.92748618765564
2018-11-13,21.87434468420554
2018-11-14,-3.9548700757608533
2018-11-15,-3.8267803273398773
2018-11-16,-3.9375027861740257
2018-11-17,-4.2870374524554915
2018-11-18,-4.875384323884807
2018-11-19,-5.3264871461312335
2018-11-20,-5.640345920547073
2018-11-21,-5.816960644738183
2018-11-22,-5.856331322305628
2018-11-23,21.388170979972145
2018-11-24,-5.523340530020127
2018-11-25,-5.150979060290888
2018-11-26,-4.863856496334668
2018-11-27,-4.661972839574494
2018-11-28,-4.5453280880908045
2018-11-29,-4.5139222443196765
2018-11-30,-4.567755305721247
2018-12-01,-4.706827273254697
2018-12-02,-4.926239468350168
2018-12-03,-5.106151699091228
2018-12-04,-5.246563964286819
2018-12-05,-5.3474762628550305
2018-12-06,-5.4088885985830215
2018-12-07,-5.430800967586531
2018-12-08,-5.413213371404513
2018-12-09,-5.356125809678321
2018-12-10,-5.511503638298241
2018-12-11,-5.879346854824322
2018-12-12,-6.4596554612441635
2018-12-13,20.179353137922416
2018-12-14,-8.257668840403202
2018-12-15,-9.475373614435384
2018-12-16,20.418586347226423
2018-12-17,-11.946564568291246
2018-12-18,-12.598435986077845
2018-12-19,-12.861158027919325
2018-12-20,-12.73473069865399
2018-12-21,-12.219153996276715
2018-12-22,57.179482468424986
2018-12-23,-10.020552470565107
2018-12-24,-9.02164204291378
2018-12-25,26.280948078562417
2018-12-26,-7.90871625069793
2018-12-27,-7.794700885219979
2018-12-28,21.433197465690778
2018-12-29,-8.45156521995305
2018-12-30,19.939269913942894
2018-12-31,22.652218558890237
2019-01-01,-9.950913168051617
2019-01-02,-9.920813433420996
2019-01-03,-9.631928362121434
2019-01-04,17.8532582892324
2019-01-05,-8.277802208574117
2019-01-06,21.702020527011726
2019-01-07,-6.386056099210792
2019-01-08,-5.798287122017474
2019-01-09,-5.449254198921873
2019-01-10,-5.338957326657168
2019-01-11,-5.467396507698178
2019-01-12,-5.834571739624966
2019-01-13,-6.440483025163536
2019-01-14,17.174880449038945
2019-01-15,-7.089585571849554
2019-01-16,-7.132776833904858
2019-01-17,-6.9883947551811865
2019-01-18,20.58999337845895
2019-01-19,-6.136910572520804
2019-01-20,-5.429808470162833
2019-01-21,-5.155267362345173
2019-01-22,45.10188076159301
2019-01-23,-5.903868132248464
2019-01-24,-6.927010010223491
2019-01-25,-8.382712883140416
2019-01-26,-10.270976752569517
2019-01-27,-12.591801615087347
2019-01-28,35.765189118545095
2019-01-29,-14.962709530752404
2019-01-30,36.51447472424996
2019-01-31,11.766588426037135
2019-02-01,14.8366988951614
2019-02-02,-10.610768138180037
2019-02-03,-7.611615482058694
2019-02-04,21.00292370096679
2019-02-05,-3.469562194318895
2019-02-06,-2.3266615610098444
2019-02-07,-1.8025116030584556
2019-02-08,-1.8971123208985112
2019-02-09,-2.6104637114305227
2019-02-10,-3.942565777257302
2019-02-11,-5.140821537163118
2019-02-12,-6.205230990447225
2019-02-13,-7.135794137733683
2019-02-14,-7.932510978186064
2019-02-15,-8.595381513414681
2019-02-16,23.806090031264084
2019-02-17,-9.51958366611181
2019-02-18,-9.768190263900632
2019-02-19,-9.870225538131079
2019-02-20,-9.825689487130226
2019-02-21,16.88470875437685
2019-02-22,44.93932371452673
2019-02-23,-8.81265338779962
2019-02-24,-8.18183203856461
2019-02-25,43.52367291198851
2019-02-26,-7.165841163898966
2019-02-27,-6.7806716384930805
2019-02-28,-6.477386054717581
2019-03-01,-6.255984410919945
2019-03-02,-6.124429289914511
2019-03-03,-6.082720690947356
2019-03-04,-6.176666186980718
2019-03-05,20.284117282555016
2019-03-06,-6.77151947525946
2019-03-07,-7.272427264530524
2019-03-08,20.573109444051667
2019-03-09,-8.681205136922674
2019-03-10,-9.589075219348434
2019-03-11,15.628951698879497
2019-03-12,-10.503375226056303
2019-03-13,42.74739439244827
2019-03-14,16.783544515211663
2019-03-15,-9.62122484040984
2019-03-16,-8.726214605860733
2019-03-17,-7.530724317614903
2019-03-18,-6.412138415899509
2019-03-19,-5.370456897040883
2019-03-20,23.335019303627078
2019-03-21,-3.5178070124283956
2019-03-22,-2.7068386459624616
2019-03-23,-1.9727746642167485
2019-03-24,-1.3156150654019712
2019-03-25,-1.0621709729984765
2019-03-26,-1.2124423889204365
2019-03-27,-1.7664293109920166
2019-03-28,-2.724131739178068
2019-03-29,-4.0855496748217615
2019-03-30,-5.850683118072219
2019-03-31,-8.019532068194444
2019-04-01,18.12731014280003
2019-04-02,-10.446059025223171
2019-04-03,17.346723276230136
2019-04-04,-10.322105331935019
2019-04-05,19.55385268059196
2019-04-06,-7.647670985276605
2019-04-07,-5.354023566753133
2019-04-08,-3.6043845202697824
2019-04-09,-2.3987538495251677
2019-04-10,-1.737131549021301
2019-04-11,-1.6195176225573782
2019-04-12,-2.0459120693248245
2019-04-13,-3.0163148887187976
2019-04-14,-4.530726080559722
2019-04-15,-5.9508225116089015
2019-04-16,-7.2766041774393315
2019-04-17,54.510888932067445
2019-04-18,-9.64522322832113
2019-04-19,-10.688060609485882
2019-04-20,-11.636583229686353
2019-04-21,-12.490791087764219
2019-04-22,59.635591074396594
2019-04-23,-13.228898448578974
2019-04-24,16.048916883278395
2019-04-25,-12.67326133175018
2019-04-26,-11.91028859481413
2019-04-27,-10.823879739645106
2019-04-28,-9.41403476465141
2019-04-29,-8.545115081624315
2019-04-30,-8.217120691416053
2019-05-01,25.180060414292946
2019-05-02,20.23443751011724
2019-05-03,-10.450197402271865
2019-05-04,-12.257412305196636
2019-05-05,15.858356237080224
2019-05-06,10.991823516399998
2019-05-07,11.19199359363453
2019-05-08,11.70155282407733
2019-05-09,11.512958256379374
2019-05-10,-15.446340234811302
2019-05-11,-13.447811340703742
2019-05-12,-10.726420479569631
2019-05-13,18.325309204017017
2019-05-14,-6.734471247422913
2019-05-15,-5.463912874012227
2019-05-16,-4.67696533308755
2019-05-17,-4.373628618969688
2019-05-18,-4.553902735014221
2019-05-19,-5.217787680836135
2019-05-20,-5.835413183957506
2019-05-21,-6.4067792478198236
2019-05-22,-6.931885869887166
2019-05-23,-7.4107330507826585
2019-05-24,24.654691923571605
2019-05-25,-8.229649090222866
2019-05-26,-8.569717948041442
2019-05-27,-8.724861885422227
2019-05-28,18.36600192869457
2019-05-29,-8.480374997241901
2019-05-30,-8.0807441712026975
2019-05-31,25.001824290823716
2019-06-01,-6.726707755179859
2019-06-02,-5.785721152106385
2019-06-03,23.64651045727165
2019-06-04,-4.432358361260846
2019-06-05,-4.0199821769781
2019-06-06,-3.783809463723273
2019-06-07,-3.723840222847974
2019-06-08,-3.8400744539006766
2019-06-09,-4.132512157660216
2019-06-10,-4.328508339959381
2019-06-11,-4.428062997219314
2019-06-12,-4.431176131531178
2019-06-13,25.441700029704133
2019-06-14,-4.148077830423096
2019-06-15,-3.861866396130143
2019-06-16,-3.4792134384400217
2019-06-17,-3.2827487706978573
2019-06-18,-3.272472395625373
2019-06-19,26.549781270909875
2019-06-20,-3.8104845162894563
2019-06-21,-4.358773014163001
2019-06-22,-5.093249802067186
2019-06-23,-6.013914882397723
2019-06-24,-6.7626430983962305
2019-06-25,-7.339434446366809
2019-06-26,23.147358135843675
2019-06-27,-7.977206551066509
2019-06-28,25.819057878455865
2019-06-29,-7.92723119674508
2019-06-30,-7.644338222073587
2019-07-01,-7.160275140835955
2019-07-02,-6.469115901983985
2019-07-03,-5.570860503942262
2019-07-04,-4.465508943099898
2019-07-05,-3.153061224401478
2019-07-06,38.03135748870591
2019-07-07,0.09312269466901846
2019-07-08,1.188994108537683
2019-07-09,1.6540968955385669
2019-07-10,1.4884310571222255
2019-07-11,0.6919965914488344
2019-07-12,-0.7352064993430343
2019-07-13,-2.7931782173094515
2019-07-14,-5.481918560980182
2019-07-15,23.064155411312996
2019-07-16,22.66811521182455
2019-07-17,-8.894237747446127
2019-07-18,-8.480376862517186
2019-07-19,-7.290865668909651
2019-07-20,-5.325704168326876
2019-07-21,-2.5848923606333436
2019-07-22,-0.7277966424870126
2019-07-23,0.24558298684598867
2019-07-24,0.3352465281656549
2019-07-25,-0.45880602015817473
2019-07-26,-2.136574657922095
2019-07-27,-4.6980593851557995
2019-07-28,-8.143260201575272
2019-07-29,-10.792590447858279
2019-07-30,-12.646050125503548
2019-07-31,18.547240304123147
2019-08-01,-13.965357772265634
2019-08-02,20.306622799673285
2019-08-03,23.21329044940807
2019-08-04,26.777401780298035
2019-08-05,-8.07018497573083
2019-08-06,-6.448117327548527
2019-08-07,-5.084187359798415
2019-08-08,-3.978395068725323
2019-08-09,-3.130740457519545
2019-08-10,-2.541223524504659
2019-08-11,-2.2098442698658545
2019-08-12,-1.9319377212320212
2019-08-13,-1.7075038776131208
2019-08-14,-1.5365427405869845
2019-08-15,-1.419054308898156
2019-08-16,-1.35503858230922
2019-08-17,-1.3444955625873458
2019-08-18,-1.3874252479448241
2019-08-19,-1.4103336797826653
2019-08-20,-1.4132208583112504
2019-08-21,-1.3960867838362674
2019-08-22,-1.3589314554743446
2019-08-23,-1.3017548737573765
2019-08-24,-1.2245570397917298
2019-08-25,-1.1273379521575357
2019-08-26,-1.0342727336249418
2019-08-27,-0.9453613863242474
2019-08-28,-0.8606039073707539
2019-08-29,-0.7800003009033745
2019-08-30,-0.7035505637498876
2019-08-31,-0.6312546970722295
2019-09-01,-0.5631127011608541
2019-09-02,-0.48410810668959137
2019-09-03,-0.3942409195500769
2019-09-04,-0.2935111352695543
2019-09-05,-0.18191875509963396
2019-09-06,-0.05946377871771702
2019-09-07,0.07385379464897213
2019-09-08,0.2180339639193054
2019-09-09,0.28905959788627555
2019-09-10,0.28693069596497445
2019-09-11,0.21164726059855887
2019-09-12,0.06320928906456125
2019-09-13,-0.1583832164916963
2019-09-14,-0.45313025782025207
2019-09-15,-0.8210318339685507
2019-09-16,-1.2338939140420528
2019-09-17,-1.6917164988105142
2019-09-18,-2.1944995869434987
2019-09-19,19.214589043248758
2019-09-20,-3.334947277125055
2019-09-21,-3.9726118793676424
2019-09-22,-4.655236985363585
2019-09-23,-5.239098809885634
2019-09-24,-5.724197353865279
2019-09-25,-6.110532615669628
2019-09-26,-6.39810459699078
2019-09-27,-6.586913296789861
2019-09-28,43.36750953215859
2019-09-29,-6.668240853613188
2019-09-30,-6.5059388071221935
2019-10-01,14.754484137845713
2019-10-02,-5.707112662556261
2019-10-03,-5.057119071983369
2019-10-04,16.005838428837052
2019-10-05,-3.255970856603323
2019-10-06,-2.10481622999216
2019-10-07,-1.3186546885230932
2019-10-08,-0.897486229250779
2019-10-09,-0.8413108543358803
2019-10-10,-1.1501285626981268
2019-10-11,-1.8239393550875587
2019-10-12,-2.8627432296715014
2019-10-13,-4.266540189321113
2019-10-14,-5.520024616264964
2019-10-15,-6.623196514447711
2019-10-16,28.814304364540934
2019-10-17,9.243893795095023
2019-10-18,-9.030837021133486
2019-10-19,-9.532758796709595
2019-10-20,9.734204127901592
2019-10-21,5.50137123671148
2019-10-22,5.609245381668324
2019-10-23,-9.560745608352834
2019-10-24,7.379184871167785
2019-10-25,-8.19628884593046
2019-10-26,-7.169447921808558
2019-10-27,-5.912865304771204
2019-10-28,-4.95610638467209
2019-10-29,10.837735901911476
2019-10-30,-3.9420596321613175
2019-10-31,13.229200673287403
2019-11-01,-4.127307666031033
2019-11-02,-4.6794744208294485
2019-11-03,-5.541272060116736
2019-11-04,22.606111530817003
2019-11-05,-6.467792011197954
2019-11-06,20.28143533047003
2019-11-07,-6.331544859512439
2019-11-08,-5.864883619180535
2019-11-09,-5.132530602039234
2019-11-10,-4.134485809287959
2019-11-11,-3.2864351610396376
2019-11-12,-2.588378657975671
2019-11-13,10.995958764133393
2019-11-14,-1.6422480832917934
2019-11-15,-1.3941740124183948
2019-11-16,-1.2960940859163337
2019-11-17,-1.3480083049360179
2019-11-18,-1.4649335831381887
2019-11-19,10.386614750977056
2019-11-20,-1.8938173208875941
2019-11-21,-2.2057757813591845
2019-11-22,-2.5827453018629676
2019-11-23,-3.0247258821508023
2019-11-24,-3.531717523269746
2019-11-25,16.805856661565713
2019-11-26,-4.289563814096228
2019-11-27,6.024524833276984
2019-11-28,-4.70589411619606
2019-11-29,-4.78599077087134
2019-11-30,-4.780708430025422
2019-12-01,-4.6900470893939055
2019-12-02,4.990655096867855
2019-12-03,-4.310999122868926
2019-12-04,-4.02261249563816
2019-12-05,4.919560447701291
2019-12-06,5.895813582334319
2019-12-07,-2.762002032473953
2019-12-08,7.304645610912239
2019-12-09,-1.80158391270567
2019-12-10,-1.5368087112854631
2019-12-11,-1.415656085460613
2019-12-12,-1.4381260330691106
2019-12-13,-1.6042185530292858
2019-12-14,-1.9139336474343445
2019-12-15,6.96200609864628
2019-12-16,-2.67284447668251
2019-12-17,-2.8306531324206325
2019-12-18,-2.840697281923445
2019-12-19,5.395387167297684
2019-12-20,-2.4174920631847066
2019-12-21,-1.9842426946839247
2019-12-22,-1.4032288187801747
2019-12-23,-0.9245456931071079
2019-12-24,-0.5481933150298257
2019-12-25,-0.2741716843385742
2019-12-26,6.879031434044676
2019-12-27,-0.03312066884839737
2019-12-28,-0.06609128252122609
2019-12-29,-0.20139264578053684
2019-12-30,-0.2981311630116288
2019-12-31,-0.356306839012861
2020-01-01,-0.3759196678232808
2020-01-02,-0.3680521192135302
2020-01-03,-0.3327041911846482
2020-01-04,11.877670252148947
2020-01-05,3.34208056348087
2020-01-06,7.441381750174443
2020-01-07,3.007666734233686
2020-01-08,6.042808691129785
2020-01-09,0.11245138326198933
2020-01-10,3.319099991904059
2020-01-11,0.216930985451258
2020-01-12,0.2587883619246423
2020-01-13,3.2956445701445656
2020-01-14,0.8014050174708718
2020-01-15,1.302164295834098
2020-01-16,1.9558908724253783
2020-01-17,2.7625847516689266
2020-01-18,3.722245929352093
2020-01-19,11.165285775645705
2020-01-20,6.179888719691901
2020-01-21,6.3980563955528105
2020-01-22,10.308474375582842
2020-01-23,8.890781718897323
2020-01-24,10.671073011514498
2020-01-25,13.610499553318931
2020-01-26,5.290619217701126
2020-01-27,5.608291180275664
2020-01-28,13.204282966898914
2020-01-29,4.662726101582214
2020-01-30,7.752835016714803
2020-01-31,2.8750477894031174
2020-02-01,-0.21362766955479096
2020-02-02,2.724580509074439
2020-02-03,9.71273891413103
2020-02-04,1.7215929572150106
2020-02-05,5.374989843612047
2020-02-06,4.395407851067757
2020-02-07,5.887925807605637
2020-02-08,7.257645358444895
2020-02-09,7.268900620800284
2020-02-10,6.731549000748792
2020-02-11,10.279337560664201
2020-02-12,12.413553123730866
2020-02-13,14.06094509814244
2020-02-14,11.452732545593173
2020-02-15,20.029986436154683
2020-02-16,16.695259886358123
2020-02-17,15.460779968301383
2020-02-18,18.037468673236916
2020-02-19,20.784864208229585
2020-02-20,24.762787694961396
2020-02-21,29.53400351532973
2020-02-22,36.087044375995596
2020-02-23,51.09450604305454
2020-02-24,65.1285362231342
2020-02-25,70.15730667829462
2020-02-26,69.0228489395306
2020-02-27,69.94234113006672
2020-02-28,66.79923712601541
2020-02-29,61.394757581018446
2020-03-01,58.01096003543174
2020-03-02,61.365996261737934
2020-03-03,59.31232012257384
2020-03-04,62.97092456029862
2020-03-05,70.06058025291462
2020-03-06,78.35708861384248
2020-03-07,87.86044964371473
2020-03-08,102.27766099157382
2020-03-09,113.29318535889786
2020-03-10,123.872620866638
2020-03-11,193.32792988191073
2020-03-12,168.18940977840316
2020-03-13,144.83899940544273
2020-03-14,135.88049076578133
2020-03-15,138.4053164723965
2020-03-16,121.78450897781464
2020-03-17,117.61309438653758
2020-03-18,111.87101749282849
2020-03-19,105.19987404172866
2020-03-20,100.83140557402572
2020-03-21,103.2140092662741
2020-03-22,96.90186158334328
2020-03-23,94.52824584499253
2020-03-24,90.8415820498879
2020-03-25,89.42530125720717
2020-03-26,86.75775570005375
2020-03-27,82.03576255567894
2020-03-28,78.65740300102888
2020-03-29,76.4373271538378
2020-03-30,75.83429100824269
2020-03-31,70.0426270903923
2020-04-01,68.54369476484977
2020-04-02,63.25237272357455
2020-04-03,54.42054670121132
2020-04-04,50.82144446665339
2020-04-05,51.06256561850481
2020-04-06,46.33655827582184
2020-04-07,40.53576996745987
2020-04-08,37.98503128368994
2020-04-09,36.769060106080715
2020-04-10,29.844560903297314
2020-04-11,33.522323323759665
2020-04-12,35.07498877974303
2020-04-13,28.490654693264474
2020-04-14,26.278061847129017
2020-04-15,31.716477391042147
2020-04-16,24.008694006172085
2020-04-17,22.260007264814544
2020-04-18,21.54676387923858
2020-04-19,20.942214436916576
2020-04-20,17.146711856350056
2020-04-21,22.393348375569552
2020-04-22,19.32101834083098
2020-04-23,17.87683211017681
2020-04-24,17.504740035029542
2020-04-25,18.390091998120926
2020-04-26,12.871759526007597
2020-04-27,10.616396611691092
2020-04-28,7.7934390175353645
2020-04-29,14.587625151893132
2020-04-30,18.086246543278023
2020-05-01,19.249320529048887
2020-05-02,11.865514945993194
2020-05-03,15.230227808228783
2020-05-04,15.50124174886471
2020-05-05,18.547969711735618
2020-05-06,16.338583461246575
2020-05-07,13.197913583831344
2020-05-08,10.299842670558055
2020-05-09,11.907418012522847
2020-05-10,15.178608084351403
2020-05-11,17.52520008254121
2020-05-12,17.031911888350756
2020-05-13,22.78088774101669
2020-05-14,14.298094475727398
2020-05-15,18.863232731740666
2020-05-16,14.48144980224567
2020-05-17,14.10347464550328
2020-05-18,14.714562735931977
2020-05-19,17.77850289083616
2020-05-20,18.4761981652236
2020-05-21,12.606384560715188
2020-05-22,15.491319021631554
2020-05-23,11.499828131024623
2020-05-24,12.74143753938326
2020-05-25,11.791928037497025
2020-05-26,14.088229508389839
2020-05-27,14.440545245825986
2020-05-28,9.45079407133454
2020-05-29,11.019388947488595
2020-05-30,16.841337747444594
2020-05-31,17.658651473522802
2020-06-01,7.394255819654436
2020-06-02,14.108464152802878
2020-06-03,9.114817750928593
2020-06-04,11.780003044617704
2020-06-05,9.314878148308988
2020-06-06,13.581835536381535
2020-06-07,5.9841036731518304
2020-06-08,15.71697064007419
2020-06-09,15.842920197476731
2020-06-10,10.563216342240723
2020-06-11,4.882305901520024
2020-06-12,10.35366487986258
2020-06-13,4.397875548794941
2020-06-14,7.322631435510882
2020-06-15,19.036303365328276
2020-06-16,6.232943234276437
2020-06-17,17.74036365776313
2020-06-18,6.745837922678071
2020-06-19,0.3769847168723359
2020-06-20,8.086648039947185
2020-06-21,14.737920833664672
2020-06-22,3.992160782199381
2020-06-23,5.752482247460366
2020-06-24,9.206808754831561
2020-06-25,13.057691129512461
2020-06-26,5.319170306967839
2020-06-27,6.379733353477256
2020-06-28,11.543849912202003
2020-06-29,7.327038564135458
2020-06-30,19.96818906824751
2020-07-01,11.256710286134371
2020-07-02,1.4266465631933016
2020-07-03,5.914316313906724
2020-07-04,6.759791190122648
2020-07-05,11.500633074450523
2020-07-06,8.040145208279819
2020-07-07,10.773835126537442
2020-07-08,12.102357648688596
2020-07-09,18.26582548451539
2020-07-10,0.6585734482014232
2020-07-11,0.5518420214633935
2020-07-12,12.632267909442572
2020-07-13,8.230188821580406
2020-07-14,10.789988600629231
2020-07-15,7.950255858085173
2020-07-16,4.373253021161361
2020-07-17,9.602122752767015
2020-07-18,8.913430805145996
2020-07-19,27.70011106713971
2020-07-20,3.485785335228103
2020-07-21,10.163273393837684
2020-07-22,1.2715380552344548
2020-07-23,-0.8238682042217995
2020-07-24,15.554097206276955
2020-07-25,-0.3804334916285619
2020-07-26,-0.49827416694014914
2020-07-27,10.380954316781363
2020-07-28,13.403842128610822
2020-07-29,9.7775397819136
2020-07-30,5.1148219230615695
2020-07-31,3.108428516636442
2020-08-01,12.997338312926246
2020-08-02,13.00954945873374
2020-08-03,0.9598308380524294
2020-08-04,-4.184346251497168
2020-08-05,20.86932007829933
2020-08-06,1.1159107497928318
2020-08-07,13.166710487281168
2020-08-08,10.251765635581279
2020-08-09,-3.1187433370385236
2020-08-10,3.3521675321363578
2020-08-11,8.349261768613982
2020-08-12,12.024621325549232
2020-08-13,1.0283021106866777
2020-08-14,14.787550901926533
2020-08-15,16.317937318293033
2020-08-16,-2.9826742067709375
2020-08-17,8.828470260101517
2020-08-18,1.3362027042619964
2020-08-19,10.930883370481329
2020-08-20,20.56032307845411
2020-08-21,12.369149822408957
2020-08-22,0.6910878439592913
2020-08-23,3.566859027311933
2020-08-24,-6.495062388866721
2020-08-25,8.502049485986152
2020-08-26,14.824516055595042
2020-08-27,12.828779403463251
2020-08-28,1.5548221873768533
2020-08-29,12.9065869870361
2020-08-30,4.030230478506091
2020-08-31,23.62059895174063
2020-09-01,0.6649246452143416
2020-09-02,17.209159539397298
2020-09-03,4.303147382735119
2020-09-04,-2.1570179335079303
2020-09-05,1.8445777101938745
2020-09-06,9.882471722153987
2020-09-07,1.043933263121172
2020-09-08,-2.367268484167674
2020-09-09,18.92525425029379
2020-09-10,14.259200275246144
2020-09-11,8.15778480135431
2020-09-12,2.369950308474033
2020-09-13,4.095826843359388
2020-09-14,17.65294250885261
2020-09-15,11.503301927736633
2020-09-16,-0.18571029804806471
2020-09-17,8.801032789627309
2020-09-18,14.952611491179258
2020-09-19,7.827649096318456
2020-09-20,-4.603809448358245
2020-09-21,22.362678770505696
2020-09-22,7.605648554411374
2020-09-23,1.1695681511991545
2020-09-24,5.772902504934818
2020-09-25,13.445606670705763
2020-09-26,18.503617589749144
2020-09-27,11.57963735779192
2020-09-28,10.85689919661801
2020-09-29,8.636254144459125
2020-09-30,5.8872246626331926
2020-10-01,14.091998339303842
2020-10-02,-3.676851743729486
2020-10-03,21.611624205092216
2020-10-04,4.51113039828827
2020-10-05,17.33895708355682
2020-10-06,10.297769189190852
2020-10-07,16.626978957810422
2020-10-08,24.40241062189073
2020-10-09,4.029866293055093
2020-10-10,0.920067156809516
2020-10-11,9.146569538128336
2020-10-12,4.892748581046629
2020-10-13,-9.22748711585485
2020-10-14,8.30423610308775
2020-10-15,24.31979441231286
2020-10-16,23.13098366240728
2020-10-17,21.295726679836832
2020-10-18,-3.860445480275356
2020-10-19,30.87078478040767
2020-10-20,9.398607786091262
2020-10-21,8.952141205255916
2020-10-22,-10.936672621266986
2020-10-23,11.886160206465199
2020-10-24,38.31181449848556
2020-10-25,8.96654459469282
2020-10-26,19.79768928121087
2020-10-27,1.9406384038305617
2020-10-28,-19.05483963389954
2020-10-29,30.837146662761224
2020-10-30,12.832308425005868
2020-10-31,40.0415995304358
2020-11-01,39.194785695455
2020-11-02,38.17488780581587
2020-11-03,-3.9186348569130516
2020-11-04,-3.4929853290216215
2020-11-05,0.8990608528726263
2020-11-06,10.122469803769869
2020-11-07,10.893833286078747
2020-11-08,18.597191537410577
2020-11-09,12.354510036668431
2020-11-10,1.5425918076747678
2020-11-11,1.3743848899703508
2020-11-12,15.880061086337593
2020-11-13,17.05753046866547
2020-11-14,26.008164267635067
2020-11-15,19.4919387653514
2020-11-16,23.972865396864268
2020-11-17,8.369194653408579
2020-11-18,9.133070073145827
2020-11-19,20.827561772357036
2020-11-20,15.279487626537115
2020-11-21,-3.1863217743698016
2020-11-22,22.147197580326406
2020-11-23,24.597484003215108
2020-11-24,12.69063208126173
2020-11-25,3.1271414745995934
2020-11-26,6.723841218248213
2020-11-27,16.5514972485266
2020-11-28,13.732936924797677
2020-11-29,7.221985338719307
2020-11-30,4.631636261167792
2020-12-01,19.045690366279864
2020-12-02,23.478621685810474
2020-12-03,21.699211163006694
2020-12-04,16.055223975076807
2020-12-05,-0.18771893957447716
2020-12-06,1.9467473685810575
2020-12-07,33.224333106637644
2020-12-08,6.4070269567874725
2020-12-09,10.771688945165748
2020-12-10,10.189349682270242
2020-12-11,0.7343937139732581
2020-12-12,34.49964311412583
2020-12-13,12.650837516269654
2020-12-14,7.819724025978507
2020-12-15,-5.533960635763751
2020-12-16,11.15206418980951
2020-12-17,0.17220178348879145
2020-12-18,33.68933969255916
2020-12-19,43.61828778233101
2020-12-20,8.211326517035076
2020-12-21,6.556185284921828
2020-12-22,14.680945964313299
2020-12-23,18.251884314029702
2020-12-24,-1.8838208451664151
2020-12-25,33.88873381678384
2020-12-26,29.624845074829327
2020-12-27,14.847422400025739
2020-12-28,10.745396599742314
2020-12-29,-2.19524814842471
2020-12-30,21.588291297604066
2020-12-31,-1.748667762864617
2021-01-01,31.40445893310842
2021-01-02,31.461018370955802
2021-01-03,19.056630789702673
2021-01-04,23.407418172035015
2021-01-05,21.777128275833235
2021-01-06,16.946009338879215
2021-01-07,1.9325491211682184
2021-01-08,13.127107868943659
2021-01-09,10.969367093038999
2021-01-10,16.218513621253503
2021-01-11,-3.5646697008966406
2021-01-12,15.266115204845178
2021-01-13,17.04887288786462
2021-01-14,10.956046245647052
2021-01-15,16.539671590290038
2021-01-16,40.02560394513971
2021-01-17,32.60504094700797
2021-01-18,13.401349446587194
2021-01-19,17.136740747862564
2021-01-20,-3.514788458583734
2021-01-21,19.037685613425683
2021-01-22,20.53953706104856
2021-01-23,9.269727302680405
2021-01-24,1.2253769535023622
2021-01-25,14.364975131598209
2021-01-26,26.684164003975553
2021-01-27,17.594848940193334
2021-01-28,16.182703794939467
2021-01-29,27.23355758099265
2021-01-30,5.317678865006204
2021-01-31,-3.6504396862431037
2021-02-01,17.40456139890776
2021-02-02,8.828367402241419
2021-02-03,13.375017865399943
2021-02-04,28.511397729099162
2021-02-05,15.684731453436836
2021-02-06,31.550299760799543
2021-02-07,26.557900753689314
2021-02-08,9.374210981171268
2021-02-09,8.191422813501449
2021-02-10,23.560833336126816
2021-02-11,12.994546428592233
2021-02-12,7.91649600159198
2021-02-13,3.7832336521145997
2021-02-14,39.489719321040056
2021-02-15,-12.724730453295034
2021-02-16,3.822318252367353
2021-02-17,35.750099306226915
2021-02-18,1.010398099123126
2021-02-19,10.071744541515663
2021-02-20,6.21707461975482
2021-02-21,7.48711021914937
2021-02-22,16.752081507965546
2021-02-23,-0.23496671269531966
2021-02-24,34.25885470624166
2021-02-25,42.301049051181565
2021-02-26,15.850282964274896
2021-02-27,23.68562050140998
2021-02-28,37.77170380594695
2021-03-01,23.413256541046685
2021-03-02,39.173317058018554
2021-03-03,25.554573103494345
2021-03-04,19.009168219622627
2021-03-05,34.48865958608526
2021-03-06,32.513522252148036
2021-03-07,24.266532454771045
2021-03-08,12.074985758946855
2021-03-09,28.18976170105727
2021-03-10,19.52000037806036
2021-03-11,1.8632148428128232
2021-03-12,19.565552599944336
2021-03-13,30.652394128585893
2021-03-14,20.12465663490465
2021-03-15,22.03422030969491
2021-03-16,19.328895968834274
2021-03-17,22.388277027130986
2021-03-18,19.349971014432647
2021-03-19,-6.838211255218641
2021-03-20,1.6528935307388064
2021-03-21,44.823285369675204
2021-03-22,20.174827793127946
2021-03-23,8.520069525010596
2021-03-24,7.634811976891329
2021-03-25,25.5603885090142
2021-03-26,13.421460899263076
2021-03-27,13.80572905123533
2021-03-28,28.690258378135027
2021-03-29,30.6879192265567
2021-03-30,-4.4203397075148185
2021-03-31,12.08629195351454
2021-04-01,19.413052785916822
2021-04-02,9.838432782093257
2021-04-03,0.043921360851616464
2021-04-04,17.770217587418607
2021-04-05,30.385087767690333
2021-04-06,-0.41711046073835245
2021-04-07,30.457006222276082
2021-04-08,7.410894492179927
2021-04-09,30.809139390438496
2021-04-10,6.413207118637484
2021-04-11,43.46546682555213
2021-04-12,25.86300421823475
2021-04-13,26.320003930013403
2021-04-14,6.901523362193657
2021-04-15,7.890270293505065
2021-04-16,5.9321595376908896
2021-04-17,2.7571233322347863
2021-04-18,40.62493486406873
2021-04-19,8.86330968986656
2021-04-20,-5.536874053822799
2021-04-21,28.81029705718032
2021-04-22,14.534351465787143
2021-04-23,26.145941897729934
2021-04-24,2.869317170643681
2021-04-25,13.445520847824987
2021-04-26,26.353467848729675
2021-04-27,34.14589494793739
2021-04-28,-1.1549135003131665
2021-04-29,2.4612366226954734
2021-04-30,-3.5055405773151804
2021-05-01,16.593715614958164
2021-05-02,4.957625278345113
2021-05-03,12.965601691938843
2021-05-04,20.908774027283616
2021-05-05,11.982086280341068
2021-05-06,12.505221752629648
2021-05-07,-4.6446856805158845
2021-05-08,26.764055290734408
2021-05-09,15.605838381392676
2021-05-10,3.1908211963386854
2021-05-11,13.025170876035116
2021-05-12,17.658094576957794
2021-05-13,1.3396048577473136
2021-05-14,20.786765734430986
2021-05-15,17.614364249121714
2021-05-16,1.5841608746891644
2021-05-17,1.7951298166007215
2021-05-18,0.08298260055703999
2021-05-19,26.845099937733632
2021-05-20,5.037714046059347
2021-05-21,17.882922122329354
2021-05-22,4.4623961509507195
2021-05-23,7.283042495346969
2021-05-24,12.86199432310226
2021-05-25,9.046952932060425
2021-05-26,11.516617351390828
2021-05-27,3.8984146325392546
2021-05-28,2.5981856517458928
2021-05-29,12.867510407067394
2021-05-30,11.661220189125828
2021-05-31,21.39156785379788
2021-06-01,10.054807035800462
2021-06-02,10.928782803657656
2021-06-03,7.455572328396066
2021-06-04,2.168290668530666
2021-06-05,11.74842724077994
2021-06-06,9.011332627708141
2021-06-07,6.930824765926421
2021-06-08,30.47210705217204
2021-06-09,4.055200512889221
2021-06-10,-2.1388252760332183
2021-06-11,11.909039929712124
2021-06-12,8.168802310310964
2021-06-13,18.121426506636347
2021-06-14,11.102169373865818
2021-06-15,11.515432091246934
2021-06-16,1.629409243730846
2021-06-17,19.317260136159703
2021-06-18,10.271469223841978
2021-06-19,1.4295527491105062
2021-06-20,16.6398622488283
2021-06-21,13.894781585066298
2021-06-22,5.674536174340497
2021-06-23,5.899377441251067
2021-06-24,0.08825175235070137
2021-06-25,7.8169582258047505
2021-06-26,-1.0219776248384074
2021-06-27,-5.046783470196593
2021-06-28,7.144000093759812
2021-06-29,3.9791097646976548
2021-06-30,0.780802486674486
2021-07-01,-2.9451880930763563
2021-07-02,21.367027224592253
2021-07-03,10.3277886617103
2021-07-04,20.159893879239824
2021-07-05,-3.2835343113545603
2021-07-06,-3.9032648354735135
2021-07-07,8.971424892880208
2021-07-08,22.59891859936922
2021-07-09,10.688048348427037
2021-07-10,15.375020739614648
2021-07-11,11.238386517231506
2021-07-12,-6.916062036549034
2021-07-13,9.96761061880317
2021-07-14,9.99143741032417
2021-07-15,11.134356933948158
2021-07-16,2.151809653849093
2021-07-17,25.674268525626186
2021-07-18,7.005730940051283
2021-07-19,6.135589362665821
2021-07-20,10.274701909447955
2021-07-21,7.931375870315514
2021-07-22,1.5769430116624639
2021-07-23,3.088053490798221
2021-07-24,19.365426004788183
2021-07-25,-2.0116882370616977
2021-07-26,-0.24531884278833704
2021-07-27,0.17458690862058468
2021-07-28,3.5728596033303006
2021-07-29,22.120808186568745
2021-07-30,8.36886276451548
2021-07-31,18.354471115509448
2021-08-01,9.200027111232295
2021-08-02,4.070928765268169
2021-08-03,7.662706430983422
2021-08-04,14.044163871837139
2021-08-05,-2.486549272060148
2021-08-06,13.55196513132576
2021-08-07,-4.190798254383655
2021-08-08,14.352168676823425
2021-08-09,8.487782177239563
2021-08-10,12.001999015043888
2021-08-11,5.537637884215034
2021-08-12,8.988919492719504
2021-08-13,20.255211840958033
2021-08-14,-4.900323670071312
2021-08-15,9.392198155099225
2021-08-16,-0.5716176016322674
2021-08-17,9.259717780103417
2021-08-18,22.4518480552992
2021-08-19,10.151974867514495
2021-08-20,0.5950636340482971
2021-08-21,15.961316950209383
2021-08-22,-1.7447681307923935
2021-08-23,20.01078307583561
2021-08-24,7.121285539749771
2021-08-25,5.31112947940159
2021-08-26,17.393831058703334
2021-08-27,1.2331836804487617
2021-08-28,1.8692087656328953
2021-08-29,7.748430312160343
2021-08-30,7.779486042846758
2021-08-31,7.461089134346888
2021-09-01,15.628250650419778
2021-09-02,20.3209233221277
2021-09-03,2.5098525580211906
2021-09-04,4.825511309984672
2021-09-05,8.423994867374134
2021-09-06,17.802686574205527
2021-09-07,17.515762895180014
2021-09-08,17.757467364449774
2021-09-09,14.450102568233515
2021-09-10,20.382810391212214
2021-09-11,7.376792047643973
2021-09-12,-5.229781400772535
2021-09-13,-6.183576823929506
2021-09-14,10.311802099357404
2021-09-15,23.497168540907413
2021-09-16,22.992929086001276
2021-09-17,15.876079243818534
2021-09-18,-0.2797794453412594
2021-09-19,3.305134759173863
2021-09-20,0.6161047082954942
2021-09-21,7.626920267934455
2021-09-22,10.992389904540383
2021-09-23,9.43191443098933
2021-09-24,13.662087048272443
2021-09-25,5.21531947345266
2021-09-26,-0.2783382085438548
2021-09-27,16.169774886774583
2021-09-28,20.63052029123125
2021-09-29,7.988241247582039
2021-09-30,5.971280164788794
2021-10-01,11.614038924865046
2021-10-02,2.9264259524642107
2021-10-03,2.817686714068019
2021-10-04,-2.753660943806696
2021-10-05,10.97512726846061
2021-10-06,7.60133444809278
2021-10-07,10.84974553887439
2021-10-08,-5.599322756430133
2021-10-09,11.486615786787528
2021-10-10,12.079568464049988
2021-10-11,-1.850484924727617
2021-10-12,0.8681869530846136
2021-10-13,13.645366057343022
2021-10-14,23.135860855723763
2021-10-15,32.799535818272226
2021-10-16,31.76253117745992
2021-10-17,25.873665444650815
2021-10-18,-0.769509162796731
2021-10-19,21.35980768404106
2021-10-20,22.240549302049356
2021-10-21,8.792444632231074
2021-10-22,10.341963958181381
2021-10-23,6.294675902885022
2021-10-24,21.775786744567093
2021-10-25,-4.0675322376740874
2021-10-26,17.825337453292107
2021-10-27,12.943743086647187
2021-10-28,19.46976044114902
2021-10-29,1.2601624443933923
2021-10-30,9.934891351939424
2021-10-31,5.365697617793949
2021-11-01,-0.6985544195946671
2021-11-02,4.5123033513984225
2021-11-03,1.3511833983706807
2021-11-04,8.909123606500437
2021-11-05,25.70332491823993
2021-11-06,32.364724620353115
2021-11-07,38.2534917767351
2021-11-08,19.05753412165981
2021-11-09,-0.7569638688266513
2021-11-10,11.987626756885305
2021-11-11,27.079275164176305
2021-11-12,25.241593585472927
2021-11-13,28.716567909256092
2021-11-14,47.88379154829235
2021-11-15,32.9874561198874
2021-11-16,28.51153339875029
2021-11-17,26.300628558749036
2021-11-18,44.88972984113512
2021-11-19,43.5945380592996
2021-11-20,47.34461239379562
2021-11-21,47.58296660999323
2021-11-22,22.915899129910894
2021-11-23,12.31322272771989
2021-11-24,28.07496154627787
2021-11-25,20.877723413803693
2021-11-26,15.372229749261246
2021-11-27,32.20051004749086
2021-11-28,15.007377912119882
2021-11-29,22.40241472534406
2021-11-30,21.398483634396328
2021-12-01,17.277173666621117
2021-12-02,14.240999634423382
2021-12-03,17.58567246148595
2021-12-04,17.19638427867763
2021-12-05,16.250561645447732
2021-12-06,5.893530135191631
2021-12-07,5.030977755574817
2021-12-08,7.5463583881754825
2021-12-09,19.58073533007522
2021-12-10,11.97827787641154
2021-12-11,28.03828765251684
2021-12-12,21.848912308132427
2021-12-13,10.128260108043678
2021-12-14,8.280965720432924
2021-12-15,30.66821262759902
2021-12-16,37.1171300219434
2021-12-17,11.481683703820583
2021-12-18,31.663742762680215
2021-12-19,13.99499732501652
2021-12-20,38.78261627106654
2021-12-21,14.175435658395028
2021-12-22,19.942553021557593
2021-12-23,7.1241401650066605
2021-12-24,-0.9383912226142819
2021-12-25,9.243783347911727
2021-12-26,16.588302892753827
2021-12-27,32.44457684364528
2021-12-28,19.714113353198215
2021-12-29,17.006718692688597
2021-12-30,57.22912583380889
2021-12-31,0.8841617406836622
2022-01-01,13.446498348850742
2022-01-02,-8.393871989114594
2022-01-03,15.657834228871089
2022-01-04,24.57873264327534
2022-01-05,16.25868613182378
2022-01-06,19.04196901631283
2022-01-07,13.737739630223356
2022-01-08,27.60668836691638
2022-01-09,32.443695892063545
2022-01-10,21.21478590389816
2022-01-11,13.871590049365896
2022-01-12,-0.884820501874473
2022-01-13,24.602716015486536
2022-01-14,7.712636018864457
2022-01-15,7.549310009999617
2022-01-16,33.00953234436063
2022-01-17,24.11303203747096
2022-01-18,24.365133485869293
2022-01-19,24.275922711822382
2022-01-20,35.856072093605036
2022-01-21,21.116269736158117
2022-01-22,30.9758353322687
2022-01-23,24.420546901429567
2022-01-24,28.829001659095077
2022-01-25,23.31968185389602
2022-01-26,11.576107480340225
2022-01-27,6.480095366568813
2022-01-28,24.466001752162324
2022-01-29,17.99158179989318
2022-01-30,18.906123638011607
2022-01-31,10.854872035809183
2022-02-01,19.817702173925653
2022-02-02,22.823714025720328
2022-02-03,19.069724764468173
2022-02-04,11.583115804376414
2022-02-05,20.04186632782384
2022-02-06,12.4422299712102
2022-02-07,6.009111750634317
2022-02-08,5.624735019332195
2022-02-09,32.334370117812696
2022-02-10,13.162544869870517
2022-02-11,14.867451701481558
2022-02-12,19.97784952321665
2022-02-13,20.01599589085204
2022-02-14,15.078074845222355
2022-02-15,16.260903257221404
2022-02-16,32.15056819407859
2022-02-17,22.366314477802376
2022-02-18,9.604676517858826
2022-02-19,0.925131185082833
2022-02-20,9.615499810211762
2022-02-21,2.9718519250314728
2022-02-22,12.256534364360983
2022-02-23,4.415484763132545
2022-02-24,2.8027883057623413
2022-02-25,-1.107649599788882
2022-02-26,4.043731435392814
2022-02-27,8.362919952469262
